-- phpMyAdmin SQL Dump
-- version 5.2.1
-- https://www.phpmyadmin.net/
--
-- Hôte : 127.0.0.1
-- Généré le : jeu. 17 août 2023 à 17:22
-- Version du serveur : 10.4.28-MariaDB
-- Version de PHP : 8.0.28

SET SQL_MODE = "NO_AUTO_VALUE_ON_ZERO";
START TRANSACTION;
SET time_zone = "+00:00";


/*!40101 SET @OLD_CHARACTER_SET_CLIENT=@@CHARACTER_SET_CLIENT */;
/*!40101 SET @OLD_CHARACTER_SET_RESULTS=@@CHARACTER_SET_RESULTS */;
/*!40101 SET @OLD_COLLATION_CONNECTION=@@COLLATION_CONNECTION */;
/*!40101 SET NAMES utf8mb4 */;

--
-- Base de données : `wwe`
--

-- --------------------------------------------------------

--
-- Structure de la table `a_gagne`
--

CREATE TABLE `a_gagne` (
  `id_ppv` int(11) NOT NULL,
  `id_resultat_match` int(11) NOT NULL
) ENGINE=InnoDB DEFAULT CHARSET=utf8mb4 COLLATE=utf8mb4_general_ci;

--
-- Déchargement des données de la table `a_gagne`
--

INSERT INTO `a_gagne` (`id_ppv`, `id_resultat_match`) VALUES
(1, 1),
(1, 2),
(1, 3),
(1, 4),
(1, 5),
(1, 6),
(1, 7),
(2, 8),
(2, 9),
(2, 10),
(2, 11),
(3, 12),
(3, 13),
(3, 14),
(3, 15),
(3, 16),
(3, 17),
(4, 18),
(4, 19),
(4, 20),
(4, 21),
(4, 22),
(5, 23),
(5, 24),
(5, 25),
(5, 26),
(5, 27),
(5, 28),
(5, 29),
(6, 30),
(6, 31),
(6, 32),
(6, 33),
(6, 34),
(6, 35),
(7, 36),
(7, 37),
(7, 38),
(7, 39),
(7, 40),
(7, 41),
(7, 42),
(8, 43),
(8, 44),
(8, 45),
(8, 46),
(8, 47),
(8, 48),
(8, 49),
(9, 50),
(9, 51),
(9, 52),
(9, 53),
(9, 54),
(9, 55),
(9, 56),
(9, 58),
(10, 59),
(10, 60),
(10, 61),
(10, 62),
(10, 63),
(11, 64),
(11, 65),
(11, 66),
(11, 67),
(11, 68),
(11, 69),
(12, 70),
(12, 71),
(12, 72),
(12, 73),
(12, 74),
(12, 75),
(13, 76),
(13, 77),
(13, 78),
(13, 79),
(13, 80),
(13, 81),
(13, 82),
(14, 83),
(14, 84),
(14, 85),
(14, 86),
(14, 87),
(14, 88),
(15, 89),
(15, 90),
(15, 91),
(15, 92),
(15, 93),
(15, 94),
(16, 95),
(16, 96),
(16, 97),
(16, 98),
(16, 99),
(16, 100),
(16, 101),
(16, 102),
(17, 103),
(17, 104),
(17, 105),
(17, 106),
(17, 107),
(18, 108),
(18, 109),
(18, 110),
(18, 111),
(18, 112),
(18, 113),
(18, 114),
(19, 115),
(19, 116),
(19, 117),
(19, 118),
(19, 119),
(20, 120),
(20, 121),
(20, 122),
(20, 123),
(20, 124),
(20, 125),
(21, 126),
(21, 127),
(21, 128),
(21, 129),
(21, 130),
(21, 131),
(22, 132),
(22, 133),
(22, 134),
(22, 135),
(22, 136),
(22, 137),
(22, 138),
(22, 139),
(23, 140),
(23, 141),
(23, 142),
(23, 143),
(23, 144),
(24, 145),
(24, 146),
(24, 147),
(24, 148),
(24, 149),
(25, 150),
(25, 151),
(25, 152),
(25, 153),
(25, 154),
(25, 155),
(26, 156),
(26, 157),
(26, 158),
(26, 159),
(26, 160),
(27, 161),
(27, 162),
(27, 163),
(27, 164),
(27, 165),
(27, 166),
(28, 167),
(28, 168),
(28, 169),
(28, 170),
(28, 171),
(30, 172),
(30, 173),
(30, 174),
(30, 175),
(30, 176),
(31, 177),
(31, 178),
(31, 179),
(31, 180),
(31, 181),
(31, 182),
(31, 183),
(32, 184),
(32, 185),
(32, 186),
(32, 187),
(32, 188),
(32, 189),
(32, 190),
(32, 191),
(33, 192),
(33, 193),
(33, 194),
(33, 195),
(33, 196),
(33, 197),
(33, 198),
(34, 199),
(34, 200),
(34, 201),
(34, 202),
(34, 203),
(34, 204),
(34, 205),
(35, 206),
(35, 207),
(35, 208),
(35, 209),
(35, 210),
(35, 211),
(35, 212),
(36, 213),
(36, 214),
(36, 215),
(36, 216),
(36, 217),
(36, 218),
(36, 219),
(37, 220),
(37, 221),
(37, 222),
(37, 223),
(37, 224),
(37, 225),
(38, 226),
(38, 227),
(38, 228),
(38, 229),
(38, 230),
(38, 231),
(38, 232),
(39, 233),
(39, 234),
(39, 235),
(39, 236),
(39, 237),
(39, 238),
(39, 239),
(40, 240),
(40, 241),
(40, 242),
(40, 243),
(40, 244),
(40, 245),
(40, 246),
(40, 247);

-- --------------------------------------------------------

--
-- Structure de la table `a_participe`
--

CREATE TABLE `a_participe` (
  `id_ppv` int(11) NOT NULL,
  `id_roster` int(11) NOT NULL
) ENGINE=InnoDB DEFAULT CHARSET=utf8mb4 COLLATE=utf8mb4_general_ci;

--
-- Déchargement des données de la table `a_participe`
--

INSERT INTO `a_participe` (`id_ppv`, `id_roster`) VALUES
(1, 1),
(1, 2),
(1, 3),
(1, 4),
(1, 5),
(1, 6),
(1, 7),
(1, 8),
(1, 9),
(1, 10),
(1, 11),
(1, 12),
(1, 13),
(1, 14),
(1, 15),
(1, 16),
(1, 17),
(1, 60),
(1, 62),
(1, 64),
(1, 79),
(1, 81),
(2, 10),
(2, 18),
(2, 19),
(2, 20),
(2, 21),
(2, 22),
(2, 23),
(2, 24),
(2, 25),
(2, 26),
(2, 27),
(2, 28),
(2, 93),
(3, 1),
(3, 4),
(3, 8),
(3, 9),
(3, 10),
(3, 11),
(3, 12),
(3, 13),
(3, 14),
(3, 15),
(3, 16),
(3, 17),
(3, 29),
(3, 30),
(3, 31),
(3, 32),
(3, 33),
(3, 34),
(3, 35),
(3, 36),
(3, 37),
(3, 38),
(3, 39),
(3, 40),
(3, 41),
(3, 42),
(3, 43),
(3, 44),
(3, 45),
(3, 46),
(3, 47),
(3, 48),
(3, 49),
(3, 50),
(3, 51),
(3, 52),
(3, 53),
(3, 54),
(3, 55),
(3, 56),
(3, 57),
(3, 58),
(3, 59),
(3, 60),
(3, 61),
(3, 62),
(3, 63),
(3, 64),
(3, 65),
(3, 66),
(3, 67),
(3, 68),
(3, 69),
(3, 70),
(3, 71),
(3, 72),
(3, 73),
(3, 74),
(3, 75),
(3, 76),
(3, 77),
(3, 79),
(3, 80),
(3, 81),
(3, 82),
(3, 83),
(4, 18),
(4, 20),
(4, 27),
(4, 84),
(4, 85),
(4, 86),
(4, 87),
(4, 88),
(4, 89),
(4, 90),
(4, 91),
(4, 92),
(4, 93),
(4, 94),
(5, 10),
(5, 11),
(5, 12),
(5, 13),
(5, 15),
(5, 17),
(5, 29),
(5, 30),
(5, 33),
(5, 35),
(5, 42),
(5, 45),
(5, 47),
(5, 52),
(5, 56),
(5, 59),
(5, 62),
(5, 64),
(5, 66),
(5, 68),
(5, 79),
(5, 80),
(5, 95),
(5, 96),
(6, 20),
(6, 22),
(6, 23),
(6, 25),
(6, 26),
(6, 27),
(6, 28),
(6, 77),
(6, 93),
(6, 97),
(6, 98),
(6, 99),
(6, 100),
(6, 101),
(6, 102),
(6, 103),
(6, 104),
(6, 105),
(6, 106),
(7, 18),
(7, 20),
(7, 21),
(7, 22),
(7, 23),
(7, 24),
(7, 25),
(7, 26),
(7, 27),
(7, 28),
(7, 77),
(7, 85),
(7, 86),
(7, 87),
(7, 90),
(7, 91),
(7, 92),
(7, 93),
(7, 94),
(7, 97),
(7, 101),
(7, 102),
(7, 103),
(7, 104),
(7, 107),
(8, 5),
(8, 6),
(8, 11),
(8, 15),
(8, 16),
(8, 30),
(8, 33),
(8, 35),
(8, 62),
(8, 64),
(8, 67),
(8, 75),
(8, 76),
(8, 78),
(8, 80),
(8, 108),
(8, 109),
(8, 110),
(9, 1),
(9, 2),
(9, 7),
(9, 8),
(9, 9),
(9, 10),
(9, 12),
(9, 13),
(9, 17),
(9, 29),
(9, 31),
(9, 34),
(9, 39),
(9, 43),
(9, 45),
(9, 46),
(9, 47),
(9, 60),
(9, 66),
(9, 68),
(9, 71),
(9, 72),
(9, 73),
(9, 74),
(9, 81),
(9, 82),
(9, 131),
(9, 173),
(10, 18),
(10, 26),
(10, 27),
(10, 43),
(10, 90),
(10, 91),
(10, 92),
(10, 101),
(10, 107),
(10, 111),
(10, 112),
(10, 113),
(10, 114),
(10, 115),
(10, 116),
(11, 5),
(11, 6),
(11, 9),
(11, 10),
(11, 15),
(11, 17),
(11, 29),
(11, 30),
(11, 33),
(11, 60),
(11, 64),
(11, 66),
(11, 73),
(11, 76),
(11, 79),
(11, 109),
(12, 18),
(12, 24),
(12, 27),
(12, 85),
(12, 86),
(12, 87),
(12, 90),
(12, 91),
(12, 92),
(12, 96),
(12, 98),
(12, 105),
(12, 106),
(12, 116),
(12, 117),
(12, 118),
(12, 119),
(12, 120),
(12, 121),
(12, 200),
(13, 11),
(13, 12),
(13, 15),
(13, 16),
(13, 17),
(13, 35),
(13, 47),
(13, 60),
(13, 66),
(13, 68),
(13, 70),
(13, 73),
(13, 76),
(13, 79),
(13, 109),
(13, 122),
(13, 124),
(13, 125),
(13, 126),
(13, 132),
(14, 1),
(14, 5),
(14, 6),
(14, 7),
(14, 8),
(14, 10),
(14, 11),
(14, 12),
(14, 15),
(14, 17),
(14, 25),
(14, 30),
(14, 35),
(14, 43),
(14, 46),
(14, 58),
(14, 64),
(14, 68),
(14, 71),
(14, 73),
(14, 79),
(14, 96),
(14, 122),
(14, 127),
(15, 18),
(15, 19),
(15, 20),
(15, 26),
(15, 27),
(15, 86),
(15, 87),
(15, 90),
(15, 91),
(15, 92),
(15, 98),
(15, 100),
(15, 101),
(15, 128),
(15, 129),
(15, 130),
(16, 5),
(16, 6),
(16, 7),
(16, 8),
(16, 11),
(16, 12),
(16, 13),
(16, 17),
(16, 29),
(16, 30),
(16, 35),
(16, 62),
(16, 68),
(16, 70),
(16, 75),
(16, 76),
(16, 80),
(16, 108),
(16, 125),
(16, 131),
(17, 18),
(17, 22),
(17, 24),
(17, 26),
(17, 27),
(17, 85),
(17, 94),
(17, 128),
(17, 132),
(17, 133),
(18, 1),
(18, 7),
(18, 8),
(18, 10),
(18, 11),
(18, 15),
(18, 21),
(18, 29),
(18, 34),
(18, 35),
(18, 60),
(18, 64),
(18, 68),
(18, 70),
(18, 74),
(18, 79),
(18, 80),
(18, 82),
(18, 96),
(18, 97),
(18, 103),
(18, 122),
(18, 125),
(18, 134),
(19, 4),
(19, 13),
(19, 18),
(19, 24),
(19, 27),
(19, 52),
(19, 59),
(19, 91),
(19, 92),
(19, 105),
(19, 106),
(19, 120),
(19, 121),
(19, 135),
(19, 136),
(19, 137),
(19, 138),
(19, 140),
(19, 141),
(20, 1),
(20, 2),
(20, 10),
(20, 12),
(20, 15),
(20, 21),
(20, 22),
(20, 23),
(20, 30),
(20, 35),
(20, 60),
(20, 64),
(20, 84),
(20, 125),
(20, 134),
(20, 142),
(21, 18),
(21, 20),
(21, 24),
(21, 26),
(21, 27),
(21, 92),
(21, 101),
(21, 104),
(21, 111),
(21, 128),
(21, 130),
(21, 133),
(21, 143),
(21, 144),
(21, 145),
(21, 146),
(22, 2),
(22, 5),
(22, 6),
(22, 13),
(22, 17),
(22, 29),
(22, 35),
(22, 64),
(22, 66),
(22, 70),
(22, 73),
(22, 75),
(22, 84),
(22, 96),
(22, 97),
(22, 103),
(22, 108),
(22, 122),
(22, 125),
(22, 134),
(22, 142),
(22, 148),
(22, 149),
(22, 150),
(23, 1),
(23, 2),
(23, 5),
(23, 6),
(23, 11),
(23, 15),
(23, 16),
(23, 17),
(23, 29),
(23, 30),
(23, 35),
(23, 47),
(23, 52),
(23, 58),
(23, 64),
(23, 66),
(23, 68),
(23, 71),
(23, 84),
(23, 96),
(23, 97),
(23, 103),
(23, 107),
(23, 122),
(23, 125),
(23, 134),
(23, 151),
(24, 18),
(24, 26),
(24, 27),
(24, 81),
(24, 88),
(24, 101),
(24, 104),
(24, 116),
(24, 120),
(24, 121),
(24, 128),
(24, 132),
(24, 133),
(24, 145),
(24, 152),
(24, 153),
(24, 154),
(24, 173),
(25, 26),
(25, 27),
(25, 85),
(25, 86),
(25, 87),
(25, 88),
(25, 92),
(25, 98),
(25, 99),
(25, 101),
(25, 112),
(25, 113),
(25, 120),
(25, 121),
(25, 132),
(25, 137),
(25, 138),
(25, 152),
(25, 155),
(25, 156),
(25, 157),
(25, 158),
(25, 159),
(25, 160),
(25, 161),
(25, 162),
(25, 163),
(25, 164),
(25, 165),
(25, 166),
(25, 167),
(25, 168),
(25, 169),
(25, 170),
(25, 171),
(25, 183),
(26, 1),
(26, 4),
(26, 7),
(26, 8),
(26, 11),
(26, 12),
(26, 13),
(26, 15),
(26, 16),
(26, 17),
(26, 21),
(26, 25),
(26, 29),
(26, 34),
(26, 35),
(26, 36),
(26, 39),
(26, 40),
(26, 41),
(26, 42),
(26, 43),
(26, 47),
(26, 52),
(26, 58),
(26, 59),
(26, 60),
(26, 62),
(26, 64),
(26, 68),
(26, 70),
(26, 73),
(26, 74),
(26, 75),
(26, 76),
(26, 80),
(26, 81),
(26, 82),
(26, 88),
(26, 94),
(26, 96),
(26, 97),
(26, 102),
(26, 103),
(26, 108),
(26, 109),
(26, 122),
(26, 124),
(26, 125),
(26, 127),
(26, 128),
(26, 132),
(26, 134),
(26, 142),
(26, 150),
(26, 151),
(26, 172),
(26, 173),
(26, 174),
(26, 175),
(26, 176),
(26, 177),
(26, 178),
(26, 179),
(26, 180),
(26, 181),
(26, 182),
(27, 18),
(27, 20),
(27, 27),
(27, 81),
(27, 86),
(27, 87),
(27, 99),
(27, 101),
(27, 105),
(27, 106),
(27, 120),
(27, 121),
(27, 128),
(27, 137),
(27, 138),
(27, 145),
(27, 152),
(27, 173),
(27, 183),
(27, 184),
(27, 185),
(28, 7),
(28, 12),
(28, 13),
(28, 15),
(28, 17),
(28, 25),
(28, 29),
(28, 43),
(28, 46),
(28, 47),
(28, 52),
(28, 60),
(28, 61),
(28, 68),
(28, 70),
(28, 71),
(28, 122),
(28, 125),
(28, 172),
(28, 186),
(30, 27),
(30, 85),
(30, 86),
(30, 87),
(30, 91),
(30, 92),
(30, 116),
(30, 128),
(30, 139),
(30, 161),
(30, 183),
(30, 184),
(30, 187),
(30, 188),
(31, 18),
(31, 20),
(31, 27),
(31, 85),
(31, 86),
(31, 88),
(31, 91),
(31, 92),
(31, 99),
(31, 100),
(31, 101),
(31, 104),
(31, 116),
(31, 117),
(31, 128),
(31, 132),
(31, 133),
(31, 136),
(31, 137),
(31, 141),
(31, 146),
(31, 152),
(31, 153),
(31, 154),
(31, 165),
(31, 166),
(31, 172),
(31, 184),
(31, 185),
(31, 190),
(31, 191),
(31, 192),
(31, 198),
(32, 4),
(32, 5),
(32, 6),
(32, 7),
(32, 8),
(32, 11),
(32, 15),
(32, 16),
(32, 33),
(32, 47),
(32, 56),
(32, 62),
(32, 68),
(32, 71),
(32, 74),
(32, 75),
(32, 80),
(32, 82),
(32, 97),
(32, 103),
(32, 108),
(32, 114),
(32, 115),
(32, 131),
(32, 134),
(32, 150),
(32, 193),
(32, 194),
(33, 1),
(33, 12),
(33, 13),
(33, 21),
(33, 25),
(33, 29),
(33, 30),
(33, 34),
(33, 35),
(33, 42),
(33, 43),
(33, 58),
(33, 60),
(33, 62),
(33, 64),
(33, 65),
(33, 73),
(33, 109),
(33, 122),
(33, 125),
(33, 181),
(34, 18),
(34, 26),
(34, 27),
(34, 85),
(34, 88),
(34, 99),
(34, 100),
(34, 101),
(34, 117),
(34, 120),
(34, 121),
(34, 128),
(34, 135),
(34, 136),
(34, 143),
(34, 152),
(34, 166),
(34, 184),
(34, 195),
(35, 5),
(35, 6),
(35, 10),
(35, 13),
(35, 15),
(35, 16),
(35, 17),
(35, 35),
(35, 39),
(35, 47),
(35, 68),
(35, 70),
(35, 71),
(35, 73),
(35, 83),
(35, 103),
(35, 107),
(35, 109),
(35, 186),
(36, 11),
(36, 13),
(36, 15),
(36, 16),
(36, 21),
(36, 29),
(36, 35),
(36, 43),
(36, 47),
(36, 66),
(36, 71),
(36, 107),
(36, 109),
(36, 122),
(36, 126),
(36, 194),
(37, 18),
(37, 20),
(37, 27),
(37, 91),
(37, 92),
(37, 100),
(37, 116),
(37, 137),
(37, 138),
(37, 141),
(37, 146),
(37, 166),
(37, 183),
(37, 196),
(37, 198),
(38, 4),
(38, 5),
(38, 6),
(38, 10),
(38, 11),
(38, 12),
(38, 15),
(38, 21),
(38, 25),
(38, 29),
(38, 30),
(38, 34),
(38, 39),
(38, 67),
(38, 70),
(38, 75),
(38, 84),
(38, 94),
(38, 102),
(38, 103),
(38, 107),
(38, 108),
(38, 109),
(38, 125),
(38, 132),
(38, 134),
(38, 194),
(39, 18),
(39, 20),
(39, 75),
(39, 76),
(39, 85),
(39, 100),
(39, 111),
(39, 113),
(39, 117),
(39, 126),
(39, 128),
(39, 137),
(39, 138),
(39, 140),
(39, 143),
(39, 146),
(39, 165),
(39, 169),
(39, 170),
(39, 196),
(39, 197),
(39, 198),
(39, 201),
(40, 1),
(40, 2),
(40, 4),
(40, 6),
(40, 10),
(40, 13),
(40, 15),
(40, 21),
(40, 22),
(40, 23),
(40, 28),
(40, 29),
(40, 30),
(40, 33),
(40, 34),
(40, 35),
(40, 62),
(40, 64),
(40, 66),
(40, 67),
(40, 68),
(40, 73),
(40, 74),
(40, 78),
(40, 82),
(40, 84),
(40, 90),
(40, 94),
(40, 101),
(40, 102),
(40, 103),
(40, 108),
(40, 109),
(40, 114),
(40, 115),
(40, 122),
(40, 125),
(40, 133),
(40, 142),
(40, 145),
(40, 186);

-- --------------------------------------------------------

--
-- Structure de la table `a_pour`
--

CREATE TABLE `a_pour` (
  `id_ppv` int(11) NOT NULL,
  `id_match` int(11) NOT NULL
) ENGINE=InnoDB DEFAULT CHARSET=utf8mb4 COLLATE=utf8mb4_general_ci;

--
-- Déchargement des données de la table `a_pour`
--

INSERT INTO `a_pour` (`id_ppv`, `id_match`) VALUES
(1, 1),
(1, 2),
(1, 3),
(1, 4),
(1, 5),
(1, 6),
(2, 7),
(2, 8),
(2, 9),
(2, 10),
(3, 5),
(3, 11),
(3, 12),
(3, 13),
(3, 14),
(3, 15),
(4, 10),
(4, 16),
(4, 17),
(4, 18),
(4, 19),
(5, 1),
(5, 3),
(5, 5),
(5, 11),
(5, 20),
(5, 21),
(5, 22),
(6, 3),
(6, 23),
(6, 24),
(6, 25),
(6, 26),
(7, 3),
(7, 10),
(7, 17),
(7, 27),
(7, 28),
(7, 29),
(8, 2),
(8, 3),
(8, 5),
(8, 30),
(8, 31),
(9, 1),
(9, 3),
(9, 29),
(9, 32),
(9, 33),
(9, 35),
(10, 1),
(10, 3),
(10, 10),
(10, 36),
(11, 3),
(11, 8),
(11, 38),
(12, 8),
(12, 10),
(12, 17),
(12, 18),
(12, 25),
(12, 96),
(13, 3),
(13, 8),
(13, 31),
(13, 39),
(13, 40),
(13, 41),
(13, 42),
(14, 5),
(14, 30),
(14, 41),
(14, 43),
(14, 44),
(14, 45),
(15, 3),
(15, 10),
(15, 17),
(15, 18),
(15, 25),
(16, 3),
(16, 5),
(16, 30),
(16, 41),
(16, 44),
(16, 46),
(16, 47),
(17, 3),
(17, 10),
(17, 18),
(17, 48),
(17, 96),
(18, 1),
(18, 3),
(18, 8),
(18, 30),
(18, 49),
(18, 50),
(19, 17),
(19, 18),
(19, 51),
(19, 52),
(19, 53),
(20, 54),
(20, 55),
(20, 56),
(20, 57),
(20, 58),
(20, 59),
(21, 26),
(21, 60),
(21, 61),
(21, 62),
(21, 63),
(21, 96),
(22, 3),
(22, 8),
(22, 44),
(22, 50),
(22, 64),
(22, 65),
(22, 97),
(23, 3),
(23, 30),
(23, 66),
(23, 67),
(23, 68),
(24, 3),
(24, 10),
(24, 25),
(24, 69),
(24, 70),
(25, 3),
(25, 10),
(25, 71),
(25, 72),
(26, 5),
(26, 12),
(26, 15),
(26, 50),
(26, 73),
(27, 9),
(27, 17),
(27, 18),
(27, 74),
(27, 75),
(27, 76),
(28, 3),
(28, 14),
(28, 20),
(28, 50),
(28, 77),
(30, 1),
(30, 3),
(30, 78),
(30, 96),
(31, 10),
(31, 17),
(31, 26),
(31, 79),
(31, 80),
(31, 81),
(31, 91),
(32, 3),
(32, 8),
(32, 30),
(32, 41),
(32, 44),
(32, 82),
(33, 3),
(33, 5),
(33, 42),
(33, 50),
(33, 82),
(33, 83),
(34, 3),
(34, 9),
(34, 10),
(34, 14),
(34, 84),
(35, 3),
(35, 5),
(35, 8),
(35, 30),
(35, 67),
(35, 85),
(36, 3),
(36, 5),
(36, 30),
(36, 44),
(36, 49),
(36, 86),
(37, 24),
(37, 25),
(37, 36),
(37, 87),
(37, 96),
(38, 1),
(38, 3),
(38, 10),
(38, 43),
(38, 45),
(38, 49),
(38, 88),
(38, 97),
(39, 3),
(39, 10),
(39, 25),
(39, 36),
(39, 89),
(39, 90),
(39, 91),
(40, 3),
(40, 49),
(40, 88),
(40, 92),
(40, 93),
(40, 94),
(40, 95);

-- --------------------------------------------------------

--
-- Structure de la table `a_pour_resultat`
--

CREATE TABLE `a_pour_resultat` (
  `id_match` int(11) NOT NULL,
  `id_resultat_match` int(11) NOT NULL
) ENGINE=InnoDB DEFAULT CHARSET=utf8mb4 COLLATE=utf8mb4_general_ci;

--
-- Déchargement des données de la table `a_pour_resultat`
--

INSERT INTO `a_pour_resultat` (`id_match`, `id_resultat_match`) VALUES
(1, 1),
(1, 26),
(1, 45),
(1, 55),
(1, 61),
(1, 62),
(1, 112),
(1, 232),
(2, 2),
(2, 43),
(3, 3),
(3, 5),
(3, 23),
(3, 31),
(3, 38),
(3, 41),
(3, 44),
(3, 47),
(3, 51),
(3, 54),
(3, 56),
(3, 60),
(3, 64),
(3, 65),
(3, 66),
(3, 68),
(3, 78),
(3, 90),
(3, 91),
(3, 96),
(3, 99),
(3, 104),
(3, 113),
(3, 132),
(3, 136),
(3, 141),
(3, 146),
(3, 150),
(3, 153),
(3, 154),
(3, 168),
(3, 174),
(3, 175),
(3, 186),
(3, 188),
(3, 190),
(3, 192),
(3, 196),
(3, 200),
(3, 201),
(3, 204),
(3, 207),
(3, 212),
(3, 214),
(3, 218),
(3, 229),
(3, 236),
(3, 240),
(3, 241),
(4, 4),
(5, 6),
(5, 14),
(5, 28),
(5, 46),
(5, 85),
(5, 95),
(5, 158),
(5, 195),
(5, 206),
(5, 216),
(6, 7),
(7, 8),
(8, 9),
(8, 69),
(8, 70),
(8, 79),
(8, 108),
(8, 109),
(8, 135),
(8, 173),
(8, 211),
(9, 10),
(9, 165),
(9, 205),
(10, 11),
(10, 22),
(10, 42),
(10, 63),
(10, 75),
(10, 94),
(10, 107),
(10, 149),
(10, 152),
(10, 176),
(10, 183),
(10, 202),
(10, 225),
(10, 239),
(11, 12),
(11, 24),
(12, 13),
(12, 159),
(13, 15),
(14, 16),
(14, 169),
(14, 203),
(15, 17),
(15, 156),
(16, 18),
(17, 19),
(17, 36),
(17, 71),
(17, 89),
(17, 118),
(18, 20),
(18, 72),
(18, 92),
(18, 103),
(18, 115),
(18, 161),
(19, 21),
(20, 25),
(20, 167),
(21, 27),
(22, 29),
(23, 30),
(23, 33),
(24, 32),
(24, 222),
(25, 34),
(25, 93),
(25, 147),
(25, 223),
(25, 234),
(26, 35),
(26, 131),
(27, 37),
(28, 39),
(28, 179),
(29, 40),
(30, 48),
(30, 87),
(30, 101),
(30, 111),
(30, 142),
(30, 189),
(30, 209),
(30, 217),
(31, 49),
(31, 80),
(32, 50),
(33, 52),
(34, 53),
(35, 58),
(36, 59),
(36, 220),
(36, 237),
(38, 67),
(39, 76),
(41, 81),
(41, 84),
(41, 97),
(41, 184),
(42, 82),
(42, 197),
(43, 83),
(43, 230),
(44, 86),
(44, 100),
(44, 137),
(44, 191),
(44, 219),
(45, 88),
(45, 226),
(46, 98),
(47, 102),
(48, 105),
(49, 110),
(49, 215),
(49, 228),
(49, 244),
(50, 114),
(50, 139),
(50, 160),
(50, 171),
(50, 198),
(51, 116),
(52, 117),
(53, 119),
(54, 120),
(55, 121),
(56, 122),
(57, 123),
(58, 124),
(59, 125),
(60, 126),
(61, 127),
(62, 128),
(63, 129),
(64, 134),
(65, 138),
(66, 140),
(67, 143),
(67, 208),
(68, 144),
(69, 145),
(70, 148),
(71, 151),
(72, 155),
(73, 157),
(74, 77),
(74, 163),
(75, 164),
(76, 166),
(77, 170),
(78, 172),
(79, 178),
(80, 180),
(81, 181),
(82, 185),
(82, 193),
(83, 194),
(84, 199),
(85, 210),
(86, 213),
(87, 221),
(88, 231),
(88, 245),
(89, 235),
(90, 238),
(91, 177),
(91, 187),
(91, 233),
(92, 247),
(93, 246),
(94, 243),
(95, 74),
(95, 242),
(96, 73),
(96, 106),
(96, 130),
(96, 182),
(96, 224),
(97, 133),
(97, 162),
(97, 227);

-- --------------------------------------------------------

--
-- Structure de la table `champion`
--

CREATE TABLE `champion` (
  `id_champion` int(11) NOT NULL,
  `nom_champion` varchar(200) DEFAULT NULL
) ENGINE=InnoDB DEFAULT CHARSET=utf8mb4 COLLATE=utf8mb4_general_ci;

--
-- Déchargement des données de la table `champion`
--

INSERT INTO `champion` (`id_champion`, `nom_champion`) VALUES
(1, 'Undisputed WWE Universal Champion '),
(2, 'World Heavyweight Champion '),
(3, 'WWE Women\'s Champion '),
(4, 'Women\'s World Champion '),
(5, 'Intercontinental Champion '),
(6, 'United States Champion '),
(7, 'Undisputed Tag Team Champions '),
(8, 'WWE Women\'s Tag Team Champions '),
(9, 'NXT Champion '),
(10, 'NXT Women\'s Champion '),
(11, 'NXT North American Champion '),
(12, 'NXT Tag Team Champions '),
(13, 'NXT Heritage Cup Champion ');

-- --------------------------------------------------------

--
-- Structure de la table `est_champion`
--

CREATE TABLE `est_champion` (
  `id_roster` int(11) NOT NULL,
  `id_champion` int(11) NOT NULL
) ENGINE=InnoDB DEFAULT CHARSET=utf8mb4 COLLATE=utf8mb4_general_ci;

--
-- Déchargement des données de la table `est_champion`
--

INSERT INTO `est_champion` (`id_roster`, `id_champion`) VALUES
(15, 2),
(16, 7),
(18, 9),
(21, 5),
(29, 1),
(42, 8),
(47, 4),
(68, 6),
(71, 7),
(75, 11),
(85, 12),
(100, 10),
(103, 3),
(111, 13),
(117, 12),
(181, 8);

-- --------------------------------------------------------

--
-- Structure de la table `match`
--

CREATE TABLE `match` (
  `id_match` int(11) NOT NULL,
  `nom_match` varchar(500) DEFAULT NULL
) ENGINE=InnoDB DEFAULT CHARSET=utf8mb4 COLLATE=utf8mb4_general_ci;

--
-- Déchargement des données de la table `match`
--

INSERT INTO `match` (`id_match`, `nom_match`) VALUES
(1, 'Tag Team Match '),
(2, 'WWE Smackdown Tag Team Championship Match'),
(3, 'Match Simple '),
(4, 'WWE Raw Tag Team Championship Match '),
(5, 'WWE Raw Women\'s Championship Match'),
(6, 'WWE Championship Fatal 5-Way Match'),
(7, 'NXT North American Championship vs NXT Cruiserweight Championship Unification Match'),
(8, '6-Men Tag Team Match.'),
(9, 'NXT Women\'s Championship Triple Threat Match '),
(10, 'NXT Championship Match'),
(11, 'WWE Universal Championship Match'),
(12, '30-Woman Royal Rumble Match'),
(13, 'WWE Championship Match'),
(14, 'Tag Team Mixte Match'),
(15, '30-Man Royal Rumble Match'),
(16, 'Weaponized Steel Cage Match '),
(17, 'NXT Women\'s Tag Team Championship Match '),
(18, 'NXT North American Championship Match '),
(19, '#1 Contenders (NXT Tag Team Championship) Men\'s Dusty Rhodes Tag Team Classic-Final '),
(20, '#1 Contender (WWE Raw Women\'s Championship) Elimination Chamber Match'),
(21, 'Falls Count Anywhere Match '),
(22, 'WWE Championship Elimination Chamber Match'),
(23, 'Women\'s Dusty Rhodes Tag Team Classic-SemiFinal '),
(24, 'Last Man Standing Match'),
(25, 'NXT Tag Team Championship Match '),
(26, 'NXT Championship Triple Threat Match '),
(27, 'NXT North American Championship Fatal-5 Way Ladder Match '),
(28, 'NXT Tag Team Championship Triple Threat Match'),
(29, 'NXT Women\'s Championship Fatal-4 Way Match '),
(30, 'WWE Smackdown Women\'s Championship '),
(31, 'No Holds Barred Match'),
(32, 'WWE Raw Tag Team Championship Triple Threat Match '),
(33, 'Anything Goes Match'),
(34, 'WWE Women\'s Tag Team Championship Fatal-4 Way Match '),
(35, 'WWE Universal Championship vs WWE Championship \"Winner Takes All\" Unification Match'),
(36, 'NXT North American Championship Triple Threat Match '),
(38, 'WWE Smackdown Women\'s Championship \"I Quit\" Match '),
(39, 'WWE Raw Women\'s Championship Triple Threat Match '),
(40, '2-On-1 Handicap Match '),
(41, 'WWE United States Championship '),
(42, 'Hell In A Cell Match '),
(43, '7-Women Money in the Bank Match '),
(44, 'Undisputed WWE Tag Team Match '),
(45, '8-Men Money in the Bank Match '),
(46, 'No DQ Match '),
(47, 'Undisputed WWE Universal Championship Last Man Standing Match'),
(48, 'Street Fight Match '),
(49, 'WWE Intercontinental Championship Match '),
(50, 'Undisputed WWE Universal Championship Match '),
(51, 'NXT Tag Team Championship & NXT UK Tag Team Championship Unification Fatal 4-Way Elimination Match '),
(52, 'NXT Women\'s Championship & NXT UK Women\'s Championship Unification Triple Threat Match '),
(53, 'NXT Championship & NXT United Kingdom Championship Unification Match '),
(54, 'Good Old Fashioned Donnybrook Match'),
(55, 'WWE Smackdown Women\'s Championship Extreme Rules Match '),
(56, 'Strap Match '),
(57, 'WWE Raw Women\'s Championship Ladder Match '),
(58, '\"I Quit\" Match '),
(59, 'Fight Pit Match '),
(60, 'NXT North American Championship 5-Way Ladder Match '),
(61, '\"Spin The Wheel, Make A Deal\" Casket Match '),
(62, '\"Spin The Wheel, Make A Deal\" Weapons Wild Match '),
(63, 'Ambulance Match'),
(64, 'Steel Cage Match '),
(65, 'WWE Raw Women\'s Championship Last Woman Standing Match '),
(66, 'Women\'s WarGames Match '),
(67, 'WWE United States Championship Triple Threat Match '),
(68, 'Men\'s WarGames Match '),
(69, '#1 Contender (NXT Women\'s Championship) 5-Woman Iron Survivor Challenge Match '),
(70, '#1 Contender (NXT Championship) 5-Man Iron Survivor Challenge Match '),
(71, '#1 Contenders (NXT Tag Team Championship) 4-Way Gauntlet Match'),
(72, '#1 Contenders (NXT Women\'s Championship) 20-Woman Battle Royal '),
(73, 'Montain Dew Pitch Black Match '),
(74, '2 Out Of 3 Match '),
(75, 'NXT Tag Team Championship Fatal 4-Way Match '),
(76, 'NXT Championship Steel Cage Match '),
(77, 'WWE United States Championship Elimination Chamber '),
(78, 'Jailhouse Street Fight Match '),
(79, 'NXT Women\'s Championship 6-Way Ladder Match '),
(80, 'NXT North American Championship Fatal 5-Way Match '),
(81, 'Unsanctioned Match'),
(82, 'Tag Team Fatal 4-Way'),
(83, 'WWE Intercontinental Championship Triple Threat Match'),
(84, 'Trunk Match'),
(85, 'San Juan Street Fight'),
(86, 'World Heavyweight Championship Tournament-Final '),
(87, 'NXT Heritage Cup British Rounds Match'),
(88, 'World Heavywheight Championship Match'),
(89, 'Weapons Wild Match '),
(90, 'NXT Women\'s Championship Submission Match '),
(91, '8 Tag Team Match'),
(92, 'Undisputed WWE Universal Championship Tribal Combat '),
(93, 'WWE Women\'s Championship Triple Threat Match '),
(94, 'MMA Rules Match '),
(95, '25-Man Summerslam Battle Royal '),
(96, 'NXT Women\'s Championship Match'),
(97, 'WWE Women\'s Tag Team Championship Match');

-- --------------------------------------------------------

--
-- Structure de la table `ppv`
--

CREATE TABLE `ppv` (
  `id_ppv` int(11) NOT NULL,
  `nom_ppv` varchar(255) DEFAULT NULL,
  `date_ppv` date DEFAULT NULL,
  `affiche_ppv` varchar(500) DEFAULT NULL
) ENGINE=InnoDB DEFAULT CHARSET=utf8mb4 COLLATE=utf8mb4_general_ci;

--
-- Déchargement des données de la table `ppv`
--

INSERT INTO `ppv` (`id_ppv`, `nom_ppv`, `date_ppv`, `affiche_ppv`) VALUES
(1, 'WWE Day 1 (2022)', '2022-01-01', 'https://pbs.twimg.com/media/FHAetPjWQAUhEov.jpg?name=small'),
(2, 'NXT New Year\'s Evil (2022)', '2022-01-04', 'https://moshfishreviews.files.wordpress.com/2022/01/nxt2_newyearsevil_2022.png'),
(3, 'WWE Royal Rumble 2022', '2022-01-29', 'https://m.media-amazon.com/images/M/MV5BNDNkNjQzMWYtMmVhYi00Mjk3LTk4OWUtMGU1Mzc2NDk3OTI5XkEyXkFqcGdeQXVyODAzNzAwOTU@._V1_FMjpg_UX1000_.jpg'),
(4, 'NXT Vengeance Day (2022)', '2022-02-15', 'https://upload.wikimedia.org/wikipedia/en/thumb/e/ef/Vengeance_Day.webp/298px-Vengeance_Day.webp.png'),
(5, 'WWE Elimination Chamber 2022', '2022-02-19', 'https://caq.fr/wp-content/uploads/2022/02/b9Pjznf.jpeg'),
(6, 'NXT Roadblock (2022)', '2022-03-08', 'https://mlpnk72yciwc.i.optimole.com/cqhiHLc.IIZS~2ef73/w:auto/h:auto/q:75/https://bleedingcool.com/wp-content/uploads/2022/03/NXT-Title-Triple-Threat-Match.jpeg'),
(7, 'NXT Stand & Deliver (2022)', '2022-04-02', 'https://www.themoviedb.org/t/p/w500/htJD4bcLnewObhAHaNrWosbbOuC.jpg'),
(8, 'WWE WrestleMania 38 Night One', '2022-04-02', 'https://m.media-amazon.com/images/M/MV5BMGM1ZDJlNzMtMjQyOC00OWVmLTg5NDAtNTMwNzg5NjgxNmRjXkEyXkFqcGdeQXVyOTA0NzE2MzA@._V1_.jpg'),
(9, 'WWE WrestleMania 38 Night Two ', '2022-04-03', 'https://m.media-amazon.com/images/M/MV5BMGM1ZDJlNzMtMjQyOC00OWVmLTg5NDAtNTMwNzg5NjgxNmRjXkEyXkFqcGdeQXVyOTA0NzE2MzA@._V1_.jpg'),
(10, 'NXT Spring Breakin\' (2022)', '2022-05-03', 'https://cdn.vox-cdn.com/thumbor/nAGig9TDSALzk5YhwaDFSn3jM5k=/1400x1400/filters:format(jpeg)/cdn.vox-cdn.com/uploads/chorus_asset/file/23432894/20220419_NXT_SpringB_BronGacy_FC_Date__5df392c39783a80b31dbb3a4d0250779.jpg'),
(11, 'WWE WrestleMania Backlash (2022)', '2022-05-08', 'https://media.senscritique.com/media/000020696277/0/wwe_wrestle_mania_backlash_2022.jpg'),
(12, 'NXT In Your House (2022)', '2022-06-04', 'https://www.f4wonline.com/.image/ar_1:1%2Cc_fill%2Ccs_srgb%2Cfl_progressive%2Cq_auto:good%2Cw_1200/MTg5OTY0NDY3ODE0MDE2MDkz/brongacyiyh.jpg'),
(13, 'WWE Hell in a Cell 2022', '2022-06-05', 'https://imgsrc.cineserie.com/2022/06/2108002.jpg?ver=1'),
(14, 'WWE Money in the Bank 2022', '2022-07-02', 'https://media.senscritique.com/media/000020773695/0/wwe_money_in_the_bank_2022.jpg'),
(15, 'NXT The Great American Bash (2022)', '2022-07-05', 'https://i.imgur.com/n0kV385.jpg'),
(16, 'WWE SummerSlam 2022', '2022-07-30', 'https://images.footballfanatics.com/summerslam/summerslam-2022-event-poster_pi5021000_ff_5021943-9184396a07af9c376388_full.jpg?_hv=2'),
(17, 'NXT Heatwave', '2022-08-16', 'https://upload.wikimedia.org/wikipedia/en/d/d2/NXT_Heatwave_Poster.jpg'),
(18, 'WWE Clash at the Castle', '2022-09-03', 'https://pbs.twimg.com/media/FSoi2ZvXoAco6vF?format=jpg&name=large'),
(19, 'NXT Worlds Collide 2022', '2022-09-04', 'https://upload.wikimedia.org/wikipedia/en/e/e8/Worlds_Collide_2022_Poster.jpg'),
(20, 'WWE Extreme Rules 2022', '2022-10-08', 'https://pbs.twimg.com/media/FeigwuYX0AIjVD0.jpg:large'),
(21, 'NXT Halloween Havoc 2022', '2022-10-22', 'https://m.media-amazon.com/images/M/MV5BZGIxNGZmMWQtYzQxZC00OGZmLTg0Y2QtODNkNDJjNmNiMjI2XkEyXkFqcGdeQXVyOTA0NzE2MzA@._V1_FMjpg_UX1000_.jpg'),
(22, 'WWE Crown Jewel 2022', '2022-11-05', 'https://upload.wikimedia.org/wikipedia/en/a/ac/Crown_Jewel_2022_Poster.jpeg'),
(23, 'WWE Survivor Series WarGames (2022)', '2022-11-26', 'https://pbs.twimg.com/media/Fg5s2a1XoAUIT1-?format=jpg&name=large'),
(24, 'NXT Deadline', '2022-12-10', 'https://m.media-amazon.com/images/M/MV5BYjg5NDQxZjktMWRhZi00M2JhLWE3NTktZjY2NTVmZjE3MzIwXkEyXkFqcGdeQXVyOTA0NzE2MzA@._V1_.jpg'),
(25, 'NXT New Year\'s Evil (2023)', '2023-01-10', 'https://images.footballfanatics.com/nxt/mens-fanatics-branded-black-nxt-new-years-evil-2023-logo-t-shirt_pi5282000_altimages_ff_5282709-250a33a82118015cf08ealt4_full.jpg?_hv=2&w=900'),
(26, 'WWE Royal Rumble 2023', '2023-01-28', 'https://m.media-amazon.com/images/I/91QUia-QO2L._AC_UF894,1000_QL80_.jpg'),
(27, 'NXT Vengeance Day (2023)', '2023-02-04', 'https://i.pinimg.com/736x/6f/cc/d0/6fccd07ab5e11e8ca18275388d4cff81.jpg'),
(28, 'WWE Elimination Chamber 2023', '2023-02-18', 'https://upload.wikimedia.org/wikipedia/ru/archive/1/13/20230207113138%21WWE_Elimination_Chamber_2023_Poster.jpg'),
(30, 'NXT Roadblock (2023)', '2023-03-07', 'https://m.media-amazon.com/images/M/MV5BYWNkZGE5ZTctM2NkNC00YjdmLTkxZTQtNjQxZGM1MDVkMWU2XkEyXkFqcGdeQXVyNDU0NzA1ODU@._V1_.jpg'),
(31, 'NXT Stand & Deliver (2023)', '2023-04-01', 'https://static.netnaija.com/i/gEeK8kYgNP8.webp'),
(32, 'WWE WrestleMania 39 Night One ', '2023-04-01', 'https://catch-newz.com/images/temporary/wwe-wrestlemania-39-poster.jpg'),
(33, 'WWE WrestleMania 39 Night Two ', '2023-04-02', 'https://catch-newz.com/images/temporary/wwe-wrestlemania-39-poster.jpg'),
(34, 'NXT Spring Breakin\' (2023)', '2023-04-25', 'https://upload.wikimedia.org/wikipedia/en/thumb/a/a2/NXT_Spring_Breakin_2023.jpeg/220px-NXT_Spring_Breakin_2023.jpeg'),
(35, 'WWE Backlash 2023', '2023-05-06', 'https://m.media-amazon.com/images/M/MV5BNzc4ZjkyYjctNGM3Mi00YTgzLWE2YmEtN2Q5ZTA2Njc1MWFmXkEyXkFqcGdeQXVyODAzNzAwOTU@._V1_.jpg'),
(36, 'WWE Night of Champions (2023)', '2023-05-27', 'https://ecp.yusercontent.com/mail?url=https%3A%2F%2Fbraze-images.com%2Fappboy%2Fcommunication%2Fassets%2Fimage_assets%2Fimages%2F645e6770e5320f316d3b438b%2Foriginal.jpg%3F1683908463&t=1684255686&ymreqid=9576b2ad-9673-2be9-1ce8-6a0001012c00&sig=r9Rklez5MNerIyTjOynRGQ--~D'),
(37, 'NXT Battleground (2023)', '2023-05-28', 'https://img.betaseries.com/CfXTU5DILy2eEhKGWEJ0bTC7YAc=/600x900/smart/https%3A%2F%2Fpictures.betaseries.com%2Ffilms%2Faffiches%2Foriginal%2F124640.jpg'),
(38, 'WWE Money in the Bank 2023', '2023-07-01', 'https://pbs.twimg.com/media/FyeVs5xWIAE5HN1.jpg:large'),
(39, 'NXT The Great American Bash (2023)', '2023-07-30', 'https://fightfans.co.uk/wp-content/uploads/2023/07/WWE-NXT-Great-American-Bash-2023-Predictions-1200x900.jpg'),
(40, 'WWE SummerSlam 2023', '2023-08-05', 'https://www.wrestlingdvdnetwork.com/wp-content/uploads/2023/08/summerslam-2023-cover-design.jpg');

-- --------------------------------------------------------

--
-- Structure de la table `resultat_match_`
--

CREATE TABLE `resultat_match_` (
  `id_resultat_match` int(11) NOT NULL,
  `resultat_final` varchar(500) DEFAULT NULL
) ENGINE=InnoDB DEFAULT CHARSET=utf8mb4 COLLATE=utf8mb4_general_ci;

--
-- Déchargement des données de la table `resultat_match_`
--

INSERT INTO `resultat_match_` (`id_resultat_match`, `resultat_final`) VALUES
(1, 'Sheamus & Ridge Holland battent Cesaro & Ricochet. '),
(2, 'The Usos (Jimmy & Jey Uso) (c) battent The New Day (King Woods & Kofi Kingston) pour conserver leur titres.'),
(3, 'Drew McIntyre bat Madcap Moss.'),
(4, 'RK-Bro (Randy Orton & Riddle) (c) battent The Street Profits (Angelo Dawkins & Montez Ford) pour conserver leur titres.'),
(5, 'Edge bat The Miz.'),
(6, 'Becky Lynch (c) bat Liv Morgan pour conserver son titre.'),
(7, 'Brock Lesnar bat Big E (c), Seth Rollins, Kevin Owens et Bobby Lashley et devient le nouveau champion.'),
(8, 'Carmelo Hayes (c) [NA] bat Roderick Strong (c) [CW] et gagne le titre cruiserweight et unifie les titres. '),
(9, 'Riddle & MSK (Wes Lee & Nash Carter) battent Imperium (WALTER, Fabian Aichner & Marcel Barthel).'),
(10, 'Mandy Rose (c) bat Raquel González et Cora Jade pour conserver son titre.'),
(11, 'Bron Breakker bat Tommaso Ciampa (c) est devient le nouveau champion.'),
(12, 'Seth Rollins bat Roman Reigns (c) via DQ, Reigns conserve le titre.'),
(13, 'Ronda Rousey bat Sasha Banks, Melina, Tamina, Kelly Kelly, Aliyah, Liv Morgan, Queen Zelina, Bianca Belair, Dana Brooke, Michelle McCool, Sonya Deville, Natalya, Cameron, Naomi, Carmella, Rhea Ripley, Charlotte Flair, Ivory, Brie Bella, Mickie James, Alicia Fox, Nikki A.S.H., Summer Rae, Nikki Bella, Sarah Logan, Lita, Mighty Molly,Shotzi, Shayna Baszler et remporte le Royal Rumble.\r\n'),
(14, 'Becky Lynch (c) bat Doudrop et pour conserver son titre.'),
(15, 'Bobby Lashley bat Brock Lesnar (c) est devient le nouveau champion.\r\n'),
(16, 'Edge & Beth Phoenix battent The Miz & Maryse.'),
(17, 'Brock Lesnar bat AJ Styles, Shinsuke Nakamura, Austin Theory, Robert Roode, Ridge Holland, Montez Ford, Damian Priest, Sami Zayn, Johnny Knoxville, Angelo Dawkins, Omos, Ricochet, Chad Gable, Dominik Mysterio, Happy Corbin, Dolph Ziggler, Sheamus, Rick Boogs, Happy Corbin, Madcap Moss, Riddle, Drew McIntyre, Kevin Owens, Rey Mysterio, Kofi Kingston, Otis, Big E, Bad Bunny, Shane McMahon, Randy Orton et remporte le Royal Rumble.'),
(18, 'Pete Dunne bat Tony D\'Angelo.'),
(19, 'Toxic Attraction (Gigi Dolin & Jacy Jayne) (c) battent Indi Hartwell & Persia Pirotta et conservent leur titres.'),
(20, 'Carmelo Hayes (c) bat Cameron Grimes pour conserver son titre.'),
(21, 'The Creed Brothers (Brutus & Julius Creed) battent MSK (Wes Lee & Nash Carter).'),
(22, 'Bron Breakker (c) bat Santos Escobar pour conserver son titre.'),
(23, 'Rey Mysterio bat The Miz.'),
(24, 'Roman Reigns (c) bat Goldberg et conserve son titre après que l\'arbitre est arrêté le match.'),
(25, 'Bianca Belair bat Rhea Ripley, Alexa Bliss, Liv Morgan, Nikki A.S.H. et Doudrop.'),
(26, 'Ronda Rousey & Naomi battent Charlotte Flair & Sonya Deville.'),
(27, 'Drew McIntyre bat Madcap Moss.'),
(28, 'Becky Lynch (c) bat Lita pour conserver son titre.'),
(29, 'Brock Lesnar bat Bobby Lashley (c), Seth Rollins, AJ Styles, Riddle and Austin Theory.'),
(30, 'Dakota Kai & Wendy Choo battent Raquel González & Cora Jade.'),
(31, 'Fallon Henley bat Tiffany Stratton.'),
(32, 'Grayson Waller bat LA Knight.'),
(33, 'Io Shirai & Kay Lee Ray battent Kacy Catanzaro & Kayden Carter.'),
(34, 'Imperium (Fabian Aichner & Marcel Barthel) (c) battent MSK (Wes Lee & Nash Carter) via DQ et conservent leur titres.'),
(35, 'Dolph Ziggler bat Bron Breakker (c) et Tommaso Ciampa et devient le nouveau champion.'),
(36, 'Raquel González & Dakota Kai battent Toxic Attraction (Gigi Dolin & Jacy Jayne) (c) et deviennent les nouvelles championnes.'),
(37, 'Cameron Grimes bat Carmelo Hayes (c), Santos Escobar, Grayson Waller et Solo Sikoa et devient le nouveau champion.'),
(38, 'Tony D\'Angelo bat Tommaso Ciampa.'),
(39, 'MSK (Wes Lee & Nash Carter) battent Imperium (Fabian Aichner & Marcel Barthel) (c) and The Creed Brothers (Julius & Brutus Creed) et deviennent les nouveaux champions.'),
(40, 'Mandy Rose (c) bat Cora Jade, Io Shirai et Kay Lee Ray pour conserver son titre.'),
(41, 'Gunther bat LA Knight.'),
(42, 'Dolph Ziggler (c) bat Bron Breakker pour conserver son titre.'),
(43, 'The Usos (Jimmy & Jey Uso) (c) battent Shinsuke Nakamura & Rick Boogs pour conserver leur titres.'),
(44, 'Drew McIntyre bat Happy Corbin.'),
(45, 'The Miz & Logan Paul battent The Mysterios (Rey & Dominik Mysterio).'),
(46, 'Bianca Belair bat Becky Lynch (c) et devient la nouvelle championne.'),
(47, 'Cody Rhodes bat Seth Rollins.'),
(48, 'Charlotte Flair (c) bat Ronda Rousey pour conserver son titre.'),
(49, 'Steve Austin bat Kevin Owens.'),
(50, 'RK-Bro (Randy Orton & Riddle) (c) battent The Street Profits (Angelo Dawkins & Montez Ford) et Alpha Academy (Chad Gable & Otis) pour conserver leur titres.'),
(51, 'Bobby Lashley bat Omos.'),
(52, 'Johnny Knoxville bat Sami Zayn.'),
(53, 'Sasha Banks & Naomi battent Carmella & Queen Zelina (c), Rhea Ripley & Liv Morgan et Natalya & Shayna Baszler et deviennent les nouvelles championnes.'),
(54, 'Edge bat AJ Styles.'),
(55, 'Sheamus & Ridge Holland battent The New Day (Kofi Kingston & Xavier Woods).'),
(56, 'Pat McAfee bat Austin Theory.'),
(58, 'Roman Reigns (c) [Universal] bat Brock Lesnar (c) [WWE] et unifie les titres.'),
(59, 'Cameron Grimes (c) bat Carmelo Hayes and Solo Sikoa pour conserver son titre.'),
(60, 'Nathan Frazer bat Grayson Waller.'),
(61, 'Cora Jade & Nikkita Lyons battent Natalya & Lash Legend.'),
(62, 'The Creed Brothers (Brutus & Julius Creed) battent The Viking Raiders (Erik & Ivar).\r\n'),
(63, 'Bron Breakker (c) bat Joe Gacy pour conserver son titre.'),
(64, 'Cody Rhodes bat Seth Rollins.'),
(65, 'Omos bat Bobby Lashley.'),
(66, 'Edge bat AJ Styles via TKO.'),
(67, 'Ronda Rousey bat Charlotte Flair (c) et devient la nouvelle champion.'),
(68, 'Madcap Moss bat Happy Corbin.'),
(69, 'The Bloodline (Roman Reigns & The Usos (Jimmy & Jey Uso)) battent Drew McIntyre & RK-Bro (Randy Orton & Riddle).'),
(70, 'Tony D\'Angelo, Channing Lorenzo & Troy Donovan battent Legado del Fantasma (Santos Escobar, Joaquin Wilde & Cruz Del Toro).'),
(71, 'Toxic Attraction (Gigi Dolin & Jacy Jayne) (c) battent Katana Chance & Kayden Carter pour conserver leur titres.'),
(72, 'Carmelo Hayes bat Cameron Grimes (c) et devient le nouveau champion.'),
(73, 'Mandy Rose (c) bat Wendy Choo pour conserver son titre.'),
(74, 'The Creed Brothers (Brutus & Julius Creed) battent Pretty Deadly (Elton Prince & Kit Wilson) (c) et deviennent le nouveaux champions.'),
(75, 'Bron Breakker (c) bat Joe Gacy pour conserver son titre.'),
(76, 'Bianca Belair (c) bat Becky Lynch et Asuka pour conserver son titre.'),
(77, 'Bobby Lashley bat Omos & MVP.'),
(78, 'Kevin Owens bat Ezekiel.'),
(79, 'The Judgment Day (Edge, Damian Priest & Rhea Ripley) battent AJ Styles, Finn Bálor & Liv Morgan.'),
(80, 'Madcap Moss bat Happy Corbin.'),
(81, 'Theory (c) bat Mustafa Ali pour conserver son titre.'),
(82, 'Cody Rhodes bat Seth Rollins.'),
(83, 'Liv Morgan bat Asuka, Lacey Evans, Alexa Bliss, Raquel Rodriguez, Shotzi et Becky Lynch.'),
(84, 'Bobby Lashley bat Theory (c) et devient le nouveau champion.'),
(85, 'Bianca Belair (c) bat Carmella pour conserver son titre.'),
(86, 'The Usos (Jimmy & Jey Uso) (c) battent The Street Profits (Angelo Dawkins & Montez Ford) pour conserver leur titres.'),
(87, 'Ronda Rousey (c) bat Natalya pour conserver son titre mais à la fin du match Liv Morgan cash-in son contrat Money In The Bank et devient la nouvelle championne.'),
(88, 'Theory bat Seth Rollins, Drew McIntyre, Sheamus, Omos, Sami Zayn, Madcap Moss and Riddle.'),
(89, 'Cora Jade & Roxanne Perez battent Toxic Attraction (Gigi Dolin & Jacy Jayne) (c) et deviennent les nouvelles championnes.'),
(90, 'Trick Williams bat Wes Lee.'),
(91, 'Tiffany Stratton bat Wendy Choo.'),
(92, 'Carmelo Hayes (c) bat Grayson Waller pour conserver son titre.'),
(93, 'The Creed Brothers (Julius & Brutus Creed) (c) battent The Diamond Mine (Roderick Strong & Damon Kemp) pour conserver leur titre.'),
(94, 'Bron Breakker (c) bat Cameron Grimes pour conserver son titre.'),
(95, 'Bianca Belair (c) bat Becky Lynch pour conserver son titre. '),
(96, 'Logan Paul bat The Miz.'),
(97, 'Bobby Lashley (c) bat Theory pour conserver son titre.'),
(98, 'The Mysterios (Rey & Dominik Mysterio) battent The Judgment Day (Finn Bálor & Damian Priest).'),
(99, 'Pat McAfee bat Happy Corbin.'),
(100, 'The Usos (Jimmy & Jey Uso) (c) battent The Street Profits (Angelo Dawkins & Montez Ford) pour conserver leur titre.'),
(101, 'Liv Morgan (c) bat Ronda Rousey pour conserver son titre.'),
(102, 'Roman Reigns (c) bat Brock Lesnar pour conserver son titre.'),
(103, 'Carmelo Hayes (c) bat Giovanni Vinci pour conserver son titre.'),
(104, 'Cora Jade bat Roxanne Perez.'),
(105, 'Tony D\'Angelo bat Santos Escobar.'),
(106, 'Mandy Rose (c) bat Zoey Stark pour conserver son titre.'),
(107, 'Bron Breakker (c) bat JD McDonagh pour conserver son titre.'),
(108, 'Madcap Moss & The Street Profits (Angelo Dawkins & Montez Ford) battent Austin Theory & Alpha Academy (Chad Gable & Otis).'),
(109, 'Damage CTRL (Bayley, IYO SKY & Dakota Kai) battent Bianca Belair, Alexa Bliss & Asuka.'),
(110, 'Gunther (c) bat Sheamus pour conserver son titre.'),
(111, 'Liv Morgan (c) bat Shayna Baszler pour conserver son titre.'),
(112, 'Edge & Rey Mysterio battent The Judgment Day (Finn Bálor & Damian Priest).'),
(113, 'Seth Rollins bat Riddle.'),
(114, 'Roman Reigns (c) bat Drew McIntyre pour son titre.'),
(115, 'Carmelo Hayes (c) bat Ricochet pour conserver son titre.'),
(116, 'Pretty Deadly (Elton Prince & Kit Wilson) battent The Creed Brothers (Brutus & Julius Creed) (c) [NXT], Josh Briggs & Brooks Jensen (c) [NXT UK] and Gallus (Mark Coffey & Wolfgang) et deviennent les nouveaux champions en unifiant les titres.'),
(117, 'Mandy Rose (c) [NXT] bat Meiko Satomura (c) [NXT UK] et Blair Davenport en unifiant les titres et conserve son titre.'),
(118, 'Katana Chance & Kayden Carter (c) battent Doudrop & Nikki A.S.H. pour conserver leur titres.'),
(119, 'Bron Breakker (c) [NXT] bat Tyler Bate (c) [NXT UK] en unifiant les titres et conserve son titre.'),
(120, 'The Brawling Brutes (Sheamus, Butch & Ridge Holland) battent Imperium (Gunther, Ludwig Kaiser & Giovanni Vinci).'),
(121, 'Ronda Rousey bat Liv Morgan (c) et devient la nouvelle championne après que l\'arbitre est arrêté le match.'),
(122, 'Karrion Kross bat Drew McIntyre.'),
(123, 'Bianca Belair (c) bat Bayley pour conserver son titre.'),
(124, 'Finn Bálor bat Edge.'),
(125, 'Matt Riddle bat Seth Rollins.'),
(126, 'Wes Lee bat Carmelo Hayes, Oro Mensah, Von Wagner et Nathan Frazer pour remporter le titre vacant.'),
(127, 'Apollo Crews bat Grayson Waller.'),
(128, 'Roxanne Perez bat Cora Jade.'),
(129, 'Julius Creed bat Damon Kemp.'),
(130, 'Mandy Rose (c) bat Alba Fyre pour conserver son titre.'),
(131, 'Bron Breakker (c) bat JD McDonagh and Ilja Dragunov pour conserver son titre.'),
(132, 'Brock Lesnar bat Bobby Lashley.'),
(133, 'Damage CTRL (Dakota Kai & IYO SKY) battent Alexa Bliss & Asuka (c) et deviennent les nouvelles championnes.'),
(134, 'Drew McIntyre bat Karrion Kross.'),
(135, 'The Judgment Day (Finn Bálor, Damian Priest & Dominik Mysterio) battent The O.C. (AJ Styles, Luke Gallows & Karl Anderson).'),
(136, 'Braun Strowman bat Omos.'),
(137, 'The Usos (Jimmy & Jey Uso) (c) battent The Brawling Brutes (Butch & Ridge Holland) pour conserver leur titres.'),
(138, 'Bianca Belair (c) bat Bayley pour conserver son titre.'),
(139, 'Roman Reigns (c) bat Logan Paul pour conserver son titre.'),
(140, 'Team Belair (Bianca Belair, Becky Lynch, Alexa Bliss, Asuka & Mia Yim) battent Team Bayley (Damage CTRL (Bayley, Dakota Kai & IYO SKY), Rhea Ripley & Nikki Cross).'),
(141, 'AJ Styles bat Finn Bálor.'),
(142, 'Ronda Rousey (c) bat Shotzi pour conserver son titre.'),
(143, 'Austin Theory bat Seth Rollins (c) and Bobby Lashley et devient le nouveau champion.'),
(144, 'The Bloodline (Roman Reigns, Solo Sikoa, Sami Zayn & The Usos (Jimmy & Jey Uso)) battent Drew McIntyre, Kevin Owens & The Brawling Brutes (Sheamus, Butch & Ridge Holland).'),
(145, 'Roxanne Perez [2] bat Zoey Stark [1], Cora Jade [1], Indi Hartwell [1] and Kiana James [0].'),
(146, 'Isla Dawn bat Alba Fyre.'),
(147, 'The New Day (Kofi Kingston & Xavier Woods) battent Pretty Deadly (Elton Prince & Kit Wilson) (c) et deviennent les nouveaux champions.'),
(148, 'Grayson Waller [3] bat Carmelo Hayes [2], Joe Gacy [2], Axiom [2] and JD McDonagh [0].'),
(149, 'Bron Breakker (c) bat Apollo Crews pour conserver son titre.'),
(150, 'Dijak bat Tony D\'Angelo.'),
(151, 'Gallus (Mark Coffey & Wolfgang) battent Pretty Deadly (Elton Prince & Kit Wilson), Edris Enofé & Malik Blade et The Rockers (Brian Williams & Jimmy Jackson).'),
(152, 'Bron Breakker (c) bat Grayson Waller pour décompte à l\'extérieur et conserve son titre.'),
(153, 'Charlie Dempsey bat Hank Walker.'),
(154, 'Jinder Mahal bat Julius Creed.'),
(155, 'Gigi Dolin & Jacy Jayne battent Cora Jade, Zoey Stark, Indi Hartwell, Nikkita Lyons, Wendy Choo, Elektra Lopez, Kiana James, Fallon Henley, Ivy Nile, Tatum Paxley, Thea Hail, Lyra Valkyria, Lash Legend, Amari Miller, Sol Ruca, Valentina Feroz, Jakara Jackson, Dani Palmer.'),
(156, 'Cody Rhodes bat Gunther, Sheamus, The Miz, Kofi Kingston, Johnny Gargano, Xavier Woods, Karrion Kross, Chad Gable, Drew McIntyre, Santos Escobar, Angelo Dawkins, Brock Lesnar, Bobby Lashley, Baron Corbin, Seth Rollins, Otis, Rey Mysterio, Dominik Mysterio, Elias, Finn Bálor, Booker T, Damian Priest, Montez, Edge, Austin Theory, Omos, Braun Strowman, Ricochet, Logan Paul et remporte le Royal Rumble.'),
(157, 'Bray Wyatt bat LA Knight.'),
(158, 'Bianca Belair (c) bat Alexa Bliss pour conserver son titre.'),
(159, 'Rhea Ripley bat  Liv Morgan, Dana Brooke, Emma, Shayna Baszler, Bayley, B-Fab, Roxanne Perez, Dakota Kai, IYO SKY, Natalya, Candice LeRae, Zoey Stark, Xia Li, Becky Lynch, Tegan Nox, Asuka, Piper Niven, Tamina, Chelsea Green, Zelina Vega, Raquel Rodriguez, Mia Yim, Lacey Evans, Michelle McCool, Indi Hartwell, Sonya Deville, Shotzi, Nikki Cross, Nia Jax et remporte le Royal Rumble.'),
(160, 'Roman Reigns (c) bat Kevin Owens pour conserver son titre.'),
(161, 'Wes Lee (c) bat Dijak pour conserver son titre.'),
(162, 'Fallon Henley & Kiana James battent Katana Chance & Kayden Carter (c) et deviennent les nouvelles championnes.'),
(163, 'Carmelo Hayes bats Apollo Crews. [2-0]'),
(164, 'Gallus (Mark Coffey & Wolfgang) battent The New Day (Kofi Kingston & Xavier Woods) (c), Pretty Deadly (Elton Prince & Kit Wilson) et Chase U (Andre Chase & Duke Hudson) et deviennent les nouveaux champions.'),
(165, 'Roxanne Perez (c) bat Gigi Dolin and Jacy Jayne pour conserver son titre.'),
(166, 'Bron Breakker (c) bat Grayson Waller pour conserver son titre.'),
(167, 'Asuka bat Liv Morgan, Raquel Rodriguez, Nikki Cross, Natalya et Carmella.'),
(168, 'Bobby Lashley bat Brock Lesnar via DQ.'),
(169, 'Edge & Beth Phoenix bat The Judgment Day (Finn Bálor & Rhea Ripley).'),
(170, 'Austin Theory (c) bat Seth Rollins, Damian Priest, Johnny Gargano, Bronson Reed et Montez Ford.'),
(171, 'Roman Reigns (c) bat Sami Zayn pour conserver son titre.'),
(172, 'Tony D\'Angelo bat Dijak.'),
(173, 'Bron Breakker & The Creed Brothers (Brutus & Julius Creed) battent Indus Sher (Jinder Mahal, Veer & Sanga).'),
(174, 'Gigi Dolin bat Jacy Jayne.'),
(175, 'Joe Gacy bat Andre Chase.'),
(176, 'Roxanne Perez (c) bat Meiko Satomura pour conserver son titre.'),
(177, 'Chase U (Andre Chase, Duke Hudson & Thea Hail) & Tyler Bate battent The Schism (Joe Gacy, Rip Fowler, Jagger Reid & Ava).'),
(178, 'Indi Hartwell bat Roxanne Perez (c), Gigi Dolin, Zoey Stark, Tiffany Stratton et Lyra Valkyria et devient la nouvelle championne.'),
(179, 'Gallus (Mark Coffey & Wolfgang) (c) battent The Creed Brothers (Brutus & Julius Creed) et The Family (Tony D\'Angelo & Channing Lorenzo) pour conserver leur titres.'),
(180, 'Wes Lee (c) bat Dragon Lee, Ilja Dragunov, JD McDonagh and Axiom pour conserver son titre.'),
(181, 'Johnny Gargano bat Grayson Waller.'),
(182, 'Alba Fyre & Isla Dawn battent Fallon Henley & Kiana James (c) et deviennent les nouvelles championnes.'),
(183, 'Carmelo Hayes bat Bron Breakker (c) et devient le nouveau champion.'),
(184, 'Austin Theory (c) bat John Cena pour conserver son titre.'),
(185, 'The Street Profits (Angelo Dawkins & Montez Ford) battent Braun Strowman & Ricochet, The Viking Raiders (Erik & Ivar) et Alpha Academy (Chad Gable & Otis).'),
(186, 'Seth Rollins bat Logan Paul.'),
(187, 'Trish Stratus, Lita & Becky Lynch battent Damage CTRL (Bayley, Dakota Kai & IYO SKY).'),
(188, 'Rey Mysterio bat Dominik Mysterio.'),
(189, 'Rhea Ripley bat Charlotte Flair (c) et devient la nouvelle championne.'),
(190, 'Pat McAfee bat The Miz.'),
(191, 'Kevin Owens & Sami Zayn battent The Usos (Jimmy & Jey Uso) (c) et deviennent les nouveaux champions.'),
(192, 'Brock Lesnar bat Omos.'),
(193, 'Ronda Rousey & Shayna Baszler battent Liv Morgan & Raquel Rodriguez, Natalya & Shotzi et Sonya Deville & Chelsea Green.'),
(194, 'Gunther (c) bat Drew McIntyre et Sheamus pour conserver son titre.'),
(195, 'Bianca Belair (c) bat Asuka pour conserver son titre.'),
(196, 'The Miz vs. Shane McMahon pas de vainqueur (blessure de Shane McMahon en début de match).'),
(197, 'Edge bat \"The Demon\" Finn Bálor.'),
(198, 'Roman Reigns (c) bat Cody Rhodes pour conserver son titre.'),
(199, 'The Family (Tony D\'Angelo & Channing Lorenzo) battent Pretty Deadly (Elton Prince & Kit Wilson).'),
(200, 'Bron Breakker bat Andre Chase.'),
(201, 'Cora Jade bat Lyra Valkyria.'),
(202, 'Carmelo Hayes (c) bat Grayson Waller pour conserver son titre.'),
(203, 'Josh Briggs & Fallon Henley battent Brooks Jensen & Kiana James.'),
(204, 'Oba Femi bat Oro Mensah.'),
(205, 'Indi Hartwell (c) bat Roxanne Perez et Tiffany Stratton pour conserver son titre.'),
(206, 'Bianca Belair (c) bat IYO SKY pour conserver son titre.'),
(207, 'Seth Rollins bat Omos.'),
(208, 'Austin Theory (c) bat Bobby Lashley et Bronson Reed pour conserver son titre.'),
(209, 'Rhea Ripley (c) bat Zelina Vega pour conserver son titre.'),
(210, 'Bad Bunny bat Damian Priest.'),
(211, 'The Bloodline (The Usos (Jimmy & Jey Uso) & Solo Sikoa) battent Kevin Owens, Sami Zayn & Matt Riddle.'),
(212, 'Cody Rhodes bat Brock Lesnar.'),
(213, 'Seth Rollins bat AJ Styles et devient le nouveau champion.'),
(214, 'Trish Stratus bat Becky Lynch.'),
(215, 'Gunther (c) bat Mustafa Ali pour conserver son titre.'),
(216, 'Asuka bat Bianca Belair (c) et devient la nouvelle championne.'),
(217, 'Rhea Ripley (c) bat Natalya pour conserver son titre.'),
(218, 'Brock Lesnar bat Cody Rhodes via KO.'),
(219, 'Kevin Owens & Sami Zayn (c) battent The Bloodline (Roman Reigns & Solo Sikoa) pour conserver leur titres.'),
(220, 'Wes Lee (c) bat Tyler Bate et Joe Gacy pour conserver son titre.'),
(221, 'Noam Dar (c) bat Dragon Lee [2-1] au Round 5 pour conserver son titre.'),
(222, 'Ilja Dragunov bat Dijak.'),
(223, 'Gallus (Mark Coffey & Wolfgang) (c) battent The Creed Brothers (Brutus & Julius Creed) pour conserver leur titres.'),
(224, 'Tiffany Stratton bat Lyra Valkyria et devient la nouvelle championne du titre vacant.'),
(225, 'Carmelo Hayes (c) bat Bron Breakker pour conserver son titre.'),
(226, 'Damian Priest bat Logan Paul, LA Knight, Shinsuke Nakamura, Santos Escobar, Ricochet et Butch.'),
(227, 'Liv Morgan & Raquel Rodriguez battent Ronda Rousey & Shayna Baszler (c) et deviennent les nouvelles championnes.'),
(228, 'Gunther (c) bat Matt Riddle pour conserver son titre.'),
(229, 'Cody Rhodes bat Dominik Mysterio.'),
(230, 'IYO SKY bat Becky Lynch, Trish Stratus, Bayley, Zelina Vega et Zoey Stark.'),
(231, 'Seth Rollins (c) bat Finn Bálor pour conserver son titre.'),
(232, 'The Usos (Jimmy & Jey Uso) battent The Bloodline (Roman Reigns & Solo Sikoa).'),
(233, 'Nathan Frazer, Dragon Lee, Valentina Feroz & Yulisa León battent The Meta-Four (Noam Dar, Oro Mensah, Lash Legend & Jakara Jackson).'),
(234, 'The Family (Tony D\'Angelo & Channing Lorenzo) battent Gallus (Mark Coffey & Wolfgang) (c) et deviennent les nouveaux champions.'),
(235, 'Roxanne Perez bat Blair Davenport.'),
(236, 'Gable Steveson vs. Baron Corbin pas de vainqueur (double décompte à l\'extérieur).'),
(237, 'Dominik Mysterio (c) bat Wes Lee et Mustafa Ali pour conserver son titre.'),
(238, 'Tiffany Stratton (c) bat Thea Hail via TKO pour conserver son titre.'),
(239, 'Carmelo Hayes (c) bat Ilja Dragunov pour conserver son titre.'),
(240, 'Logan Paul bat Ricochet.'),
(241, 'Cody Rhodes bat Brock Lesnar.'),
(242, 'LA Knight bat AJ Styles,Sheamus, Shinsuke Nakamura, The Miz, Matt Riddle, Santos Escobar, Tommaso Ciampa, Karrion Kross, Chad Gable, Otis, Grayson Waller, Omos.'),
(243, 'Shayna Baszler bat Ronda Rousey.'),
(244, 'Gunther (c) bat Drew McIntyre pous conserver son titre.'),
(245, 'Seth Rollins (c) bat Finn Bálor pour conserver son titre.'),
(246, 'Bianca Belair bat Asuka (c) et Charlotte Flair et devient la nouvelle championne mais à la fin du match Iyo Sky cash-in son contrat Money In The Bank et devient la nouvelle championne.'),
(247, 'Roman Reigns (c)  bat Jey Uso pour conserver son titre.');

-- --------------------------------------------------------

--
-- Structure de la table `roster_`
--

CREATE TABLE `roster_` (
  `id_roster` int(11) NOT NULL,
  `prenom_catcheur` varchar(255) DEFAULT NULL,
  `nom_catcheur` varchar(255) DEFAULT NULL,
  `affiche_catcheur` text NOT NULL
) ENGINE=InnoDB DEFAULT CHARSET=utf8mb4 COLLATE=utf8mb4_general_ci;

--
-- Déchargement des données de la table `roster_`
--

INSERT INTO `roster_` (`id_roster`, `prenom_catcheur`, `nom_catcheur`, `affiche_catcheur`) VALUES
(1, 'Sheamus', '', 'https://www.wwe.com/f/styles/wwe_1_1_540__composite/public/all/2021/08/69640_Sheamus_12202019rf_056_Profile--e78f54cfb27b1ded3e1663a36ddc3175.png'),
(2, 'Ridge', 'Holland', 'https://www.wwe.com/f/styles/wwe_1_1_540__composite/public/all/2021/10/RidgeHolland_Profile--b65ae05eba83ed7adf82fec45ab457a7.png'),
(3, 'Cesaro', '', 'https://www.wwe.com/f/styles/wwe_1_1_540__composite/public/all/2021/04/Cesaro_04092021ca_103_Profile--ba187d202d73f3023e9148d28006d766.png'),
(4, 'Ricochet', '', 'https://www.wwe.com/f/styles/wwe_1_1_540__composite/public/all/2019/02/Ricochet_Pro--6945ce77823f2d00e33e54eeb3921648.png'),
(5, 'Jimmy', 'Usos', 'https://www.wwe.com/f/styles/wwe_1_1_540__composite/public/all/2018/03/Jimmy_Uso_Pro--d2824230adf829eb15c347840df00c92.png'),
(6, 'Jey', 'Usos', 'https://www.wwe.com/f/styles/wwe_1_1_540__composite/public/all/2021/02/USO_10302020ej_0003300033_Profile--af838185bf78dcb0d3bb0f9873f26611.png'),
(7, 'Montez', 'Ford', 'https://www.wwe.com/f/styles/wwe_1_1_540__composite/public/all/2022/06/MontezFord_Pro--aea9c365d90d0d582cbc9b5d12d6438a.png'),
(8, 'Angelo', 'Dawkins', 'https://www.wwe.com/f/styles/wwe_1_1_540__composite/public/all/2021/11/AgeloDawkins_Pro--1a14067ea377d2bb3b94e9746e215620.png'),
(9, 'Randy', 'Orton', 'https://www.wwe.com/f/styles/wwe_1_1_540__composite/public/all/2022/02/Randy_Orton_Profile--c54fe45fd91d536ecd687989bbe7e02b.png'),
(10, 'Matt', 'Riddle', 'https://www.wwe.com/f/styles/wwe_1_1_540__composite/public/all/2023/04/RIDDLE_04032023sb0071_profile--9ed1e65f118618d7f26bdfe0fc357c7b.png'),
(11, 'Becky', 'Lynch', 'https://www.wwe.com/f/styles/wwe_1_1_540__composite/public/all/2022/04/Becky_Lynch_Profile--22f45169629fe78997ab8d513d50fa23.png'),
(12, 'Liv', 'Morgan', 'https://www.wwe.com/f/styles/wwe_1_1_540__composite/public/all/2023/06/Raquel_LIV__04172023ca_0017_profile--cde65e4fc5940aa282bca452aab96a40.png'),
(13, 'Brock', 'Lesnar', 'https://www.wwe.com/f/styles/wwe_1_1_540__composite/public/all/2021/09/Brock_Lesnar_09102021rf_056_Profile--c2d758d7cd3478c2aaa0fe79120b673e.png'),
(14, 'Big', 'E', 'https://www.wwe.com/f/styles/wwe_1_1_540__composite/public/all/2022/02/Big_E_Profile--ac839d080afcadad4764eb2a660246c9.png'),
(15, 'Seth', 'Rollins', 'https://www.wwe.com/f/styles/wwe_1_1_540__composite/public/all/2023/06/Seth_Rollins_PROFILE--fb92833e38aeeca6dd9257428ad2b6cb.png'),
(16, 'Kevin', 'Owens', 'https://www.wwe.com/f/styles/wwe_1_1_540__composite/public/all/2023/05/Kevin_Owens_PROFILE--a62b7a61ced38227cfaff1041e12ef7b.png'),
(17, 'Bobby', 'Lashley', 'https://www.wwe.com/f/styles/wwe_1_1_540__composite/public/all/2022/10/Bobby_Lashley_PROFILE--13359ab20042eb81aafab6c8ed280183.png'),
(18, 'Carmelo', 'Hayes', 'https://www.wwe.com/f/styles/wwe_1_1_540__composite/public/all/2023/04/CarmeloHayes_04042023AK_01288_profile--39013ecd9fd4849ca16c45a3ba10cac0.png'),
(19, 'Roderick', 'Strong', 'https://www.wwe.com/f/styles/wwe_1_1_540__composite/public/all/2021/08/Rodney_Strong_Diamond_Mine_07212021cg_211_Profile--934ac8124d8921acda243b9b0d312425.png'),
(20, 'Wes', 'Lee', 'https://www.wwe.com/f/styles/wwe_1_1_540__composite/public/all/2022/08/Wes_Lee_PROFILE--acdb43b00f7d61846852b6d24b8ada39.png'),
(21, 'Gunther', '', 'https://www.wwe.com/f/styles/wwe_1_1_540__composite/public/all/2022/06/Gunther_Profile--58deeb4986d670eea2d66a909310553a.png'),
(22, 'Giovanni', 'Vinci', 'https://www.wwe.com/f/styles/wwe_1_1_540__composite/public/all/2022/09/Giovanni_Vinci_PROFILE--0de7f5442b024833582b81b0175661b7.png'),
(23, 'Ludwig', 'Kaiser', 'https://www.wwe.com/f/styles/wwe_1_1_540__composite/public/all/2022/09/Ludwig_Kaiser_PROFILE--772d2e447b458a0453abc3758fde6732.png'),
(24, 'Mandy', 'Rose', 'https://www.wwe.com/f/styles/wwe_1_1_540__composite/public/all/2021/09/Mandy_Rose_Profile--56f775745164385cda90ff2004f6a1c0.png'),
(25, 'Raquel', 'Rodriguez', 'https://www.wwe.com/f/styles/wwe_1_1_540__composite/public/all/2023/06/Raquel_LIV__04172023ca_0339_profile--e5099fb96a1c954e0a75537a5f58ec54.png'),
(26, 'Cora', 'Jade', 'https://www.wwe.com/f/styles/wwe_1_1_540__composite/public/all/2022/09/Cora_Jade_PROFILE--d746991cfffc26f1266a57dfc02619de.png'),
(27, 'Bron', 'Breakker', 'https://www.wwe.com/f/styles/wwe_1_1_540__composite/public/all/2023/07/Bron_07182023ej_0833_profile--dc5597071af45f8f40696aa81ff5f0fa.png'),
(28, 'Tommaso', 'Ciampa', 'https://www.wwe.com/f/styles/wwe_1_1_540__composite/public/all/2018/02/Tommaso_Pro--f883608f32c8af25f624174391141774.png'),
(29, 'Roman', 'Reigns', 'https://www.wwe.com/f/styles/wwe_1_1_540__composite/public/all/2023/06/Roman_Reigns_PROFILE--cf0a9c5af594c1d401fab44149d4a500.png'),
(30, 'Ronda', 'Rousey', 'https://www.wwe.com/f/styles/wwe_1_1_540__composite/public/all/2022/10/Ronda_Rousey_PROFILE--7486dd70f49ff6675221514613d761c6.png'),
(31, 'Sasha', 'Banks', 'https://www.wwe.com/f/styles/wwe_1_1_540__composite/public/all/2021/09/Sasha_Banks_Pro--6e2411e37d7224354f475d15d3e47fb0.png'),
(32, 'Melina', '', 'https://www.wwe.com/f/styles/wwe_1_1_540__composite/public/rd-talent/Profile/Melina_pro.png'),
(33, 'Charlotte', 'Flair', 'https://www.wwe.com/f/styles/wwe_1_1_540__composite/public/all/2023/04/CharlotteFlair_01122023PB_0365_Profile--7190563facbfe218729ea64a62b877f8.png'),
(34, 'Shayna', 'Baszler', 'https://www.wwe.com/f/styles/wwe_1_1_540__composite/public/all/2022/03/Shayna_Baszler_Profile--3c1a3d7f5b91116d64f80c02ebd83755.png'),
(35, 'Bianca', 'Belair', 'https://www.wwe.com/f/styles/wwe_1_1_540__composite/public/all/2023/06/BIANCA_01282023sb0191_profile--5bfca1f3bf0f164e92476e3a84077bff.png'),
(36, 'Tamina', '', 'https://www.wwe.com/f/styles/wwe_1_1_540__composite/public/all/2020/01/Tamina_Pro--c9d3386662a2008025f8c7d6e89b8564.png'),
(37, 'Kelly', 'Kelly', 'https://www.wwe.com/f/styles/wwe_1_1_540__composite/public/rd-talent/Profile/Kelly_Kelly_pro.png'),
(38, 'Aliyah', '', 'https://www.wwe.com/f/styles/wwe_1_1_540__composite/public/all/2021/10/Aliyah_Profile--c989d18b7e1ed4cca906b012d6f493f5.png'),
(39, 'Zelina', 'Vega', 'https://www.wwe.com/f/styles/wwe_1_1_540__composite/public/all/2022/11/Zelina_Vega_PROFILE--597c416b967f884a46e5735f28f92e6c.png'),
(40, 'Dana', 'Brooke', 'https://www.wwe.com/f/styles/wwe_1_1_540__composite/public/all/2021/07/DanaBrooke_04102021MM_099001_Profile--25f60053575a6e43dba4ba7b5dd6b4f3.png'),
(41, 'Michelle', 'McCool', 'https://www.wwe.com/f/styles/wwe_1_1_540__composite/public/rd-talent/Profile/Michelle_McCool_pro.png'),
(42, 'Sonya', 'Deville', 'https://www.wwe.com/f/styles/wwe_1_1_540__composite/public/all/2023/07/Sonya_07172023rf_056_Profile--2ad07dc0844ee39045cd27eb70a9332c.png'),
(43, 'Natalya', '', 'https://www.wwe.com/f/styles/wwe_1_1_540__composite/public/all/2022/02/Natalya_Profile--670940c95bdc4d0cb3aebfdec7e1fe84.png'),
(44, 'Cameron', '', 'https://www.wwe.com/f/styles/wwe_1_1_540__composite/public/rd-talent/Profile/Cameron_pro.png'),
(45, 'Naomi', '', 'https://www.wwe.com/f/styles/wwe_1_1_540__composite/public/all/2021/10/Naomi_Profile--3f333473c2d5d48b94cc205962794d85.png'),
(46, 'Carmella', '', 'https://www.wwe.com/f/styles/wwe_1_1_540__composite/public/all/2023/02/Carmella_02062023PM_00036_profile--dc68050b52124929c2c3955bd4012282.png'),
(47, 'Rhea', 'Ripley', 'https://www.wwe.com/f/styles/wwe_1_1_460/public/all/2023/07/Rhea_RipleyProfile_title_New--01e56ce8581e7c009793a36306e813fc.png'),
(48, 'Ivory', '', 'https://www.wwe.com/f/styles/wwe_1_1_540__composite/public/rd-talent/Profile/Ivory_pro.png'),
(49, 'Brie', 'Bella', 'https://www.wwe.com/f/styles/wwe_1_1_540__composite/public/all/2019/12/Brie_Bella_Pro--a1bc869798010ba227c65a61608f977c.png'),
(50, 'Mickie', 'James', 'https://www.wwe.com/f/styles/wwe_1_1_540__composite/public/all/2018/12/Mickie_James_Pro--4dbd336b4cf4385f07b81dd25703c579.png'),
(51, 'Alicia', 'Fox', 'https://www.wwe.com/f/styles/wwe_1_1_540__composite/public/all/2019/12/Alicia_Fox_Pro--3af6c36f8817f9e6d7e6b5db5a634d30.png'),
(52, 'Nikki', 'Cross', 'https://www.wwe.com/f/styles/wwe_1_1_540__composite/public/all/2022/11/Nikki_Cross_PROFILE--c332352d1c0e25d2e9589d85fcb1ce28.png'),
(53, 'Summer', 'Rae', 'https://www.wwe.com/f/styles/wwe_1_1_540__composite/public/rd-talent/Profile/Summer_Rae_pro.png'),
(54, 'Nikki', 'Bella', 'https://www.wwe.com/f/styles/wwe_1_1_540__composite/public/all/2020/01/Nikki_Bella_Pro--c86b4324c646f9db7528a996ada0fbc1.png'),
(55, 'Valhalla', '', 'https://www.wwe.com/f/styles/wwe_1_1_540__composite/public/all/2022/11/Valhalla_PROFILE--d6b8a9a0d2b52856210cd1e3786d121f.png'),
(56, 'Lita', '', 'https://www.wwe.com/f/styles/wwe_1_1_540__composite/public/rd-talent/Profile/Lita_pro.png'),
(57, 'Molly', 'Holly', 'https://www.wwe.com/f/styles/wwe_1_1_540__composite/public/rd-talent/Profile/Molly_Holly_pro.png'),
(58, 'Shotzi', '', 'https://www.wwe.com/f/styles/wwe_1_1_540__composite/public/all/2023/08/Shotzi_07282023ca_098_profile--5969fe88e68e204ae683333ab7f6f790.png'),
(59, 'Piper ', 'Niven', 'https://www.wwe.com/f/styles/wwe_1_1_540__composite/public/all/2023/02/PiperNiven_02062023PM_00180_profile--502864446f46be9e22b443d2d8dc67c4.png'),
(60, 'Edge', NULL, 'https://www.wwe.com/f/styles/wwe_1_1_540__composite/public/all/2022/09/Edge_PROFILE--966f071f769cb1bb4e528d1428463f80.png'),
(61, 'Beth', 'Phoenix', 'https://www.wwe.com/f/styles/wwe_1_1_540__composite/public/all/2019/06/Beth_Phoenix_Pro--15ecd3bb7c05f98fda366bfad4dfe595.png'),
(62, 'The', 'Miz', 'https://www.wwe.com/f/styles/wwe_1_1_540__composite/public/all/2018/05/The_Miz_pro--f4e98cf4a7d4acc8e418ddf0f949e95e.png'),
(63, 'Maryse', '', 'https://www.wwe.com/f/styles/wwe_1_1_540__composite/public/all/2020/01/Maryse_Pro--d7ef6d197c970b03854bb995ac3da332.png'),
(64, 'Drew', 'McIntyre', 'https://www.wwe.com/f/styles/wwe_1_1_540__composite/public/all/2021/09/Drew_Mcintyre_Profile--aca391095fe74e721e098cadc93571d3.png'),
(65, 'Shane', 'McMahon', 'https://www.wwe.com/f/styles/wwe_1_1_540__composite/public/all/2022/01/Shane_McMahon_Profile--4ac449d384a48dbf2eccf12d3fbd64ea.png'),
(66, 'Aj', 'Styles', 'https://www.wwe.com/f/styles/wwe_1_1_540__composite/public/all/2020/10/AjOriginal_Profile--73738f78c90f05ce100f4cf7ddbea8ae.png'),
(67, 'Shinsuke', 'Nakamura', 'https://www.wwe.com/f/styles/wwe_1_1_540__composite/public/all/2022/02/Shinsuke_Nakamura_Profile--eedc5cabb7ca26774d76c0c6ff595c70.png'),
(68, 'Austin', 'Theory', 'https://www.wwe.com/f/styles/wwe_1_1_540__composite/public/all/2023/01/Austin_Theory_PROFILE--2214665cedc437f0712d016de949574a.png'),
(69, 'Robert', 'Roode', 'https://www.wwe.com/f/styles/wwe_1_1_540__composite/public/all/2021/05/Robert_Roode_Pro--df5647fa8e42b990dfa6aab89754cfea.png\r\n'),
(70, 'Damian', 'Priest', 'https://www.wwe.com/f/styles/wwe_1_1_540__composite/public/all/2022/04/Damien_Priest_Profile--769e2bd4aad556da498ade7f24a40d02.png'),
(71, 'Sami', 'Zayn', 'https://www.wwe.com/f/styles/wwe_1_1_540__composite/public/all/2023/05/Sami_Zayn_PROFILE--dd21987ab30bf1ec26763ad19b68f4d3.png'),
(72, 'Johnny', 'Knoxville', 'https://www.wwe.com/f/styles/wwe_1_1_540__composite/public/all/2016/08/Vacant--9b7bb01de657f8b369d196dc037a3416.png'),
(73, 'Omos', '', 'https://www.wwe.com/f/styles/wwe_1_1_540__composite/public/all/2021/09/004_OMOS_05032021jg_0093--b7339ffa67e25dc1769dc685a56d3a76.png'),
(74, 'Chad', 'Gable', 'https://www.wwe.com/f/styles/wwe_1_1_540__composite/public/all/2023/04/Chad_Gable_PROFILE--fa78c8d49c2d639c742efe4ce9d962eb.png'),
(75, 'Dominik', 'Mysterio', 'https://www.wwe.com/f/styles/wwe_1_1_540__composite/public/all/2023/07/Dominik_07182023EJ_14475_Profile--e4ffaec5713c4bde11f994b33a878c40.png'),
(76, 'Baron', 'Corbin', 'https://www.wwe.com/f/styles/wwe_1_1_540__composite/public/all/2022/10/Baron_Corbin_PROFILE--966d7a3d78f004cd0865721e96f88490.png'),
(77, 'Dolph', 'Ziggler', 'https://www.wwe.com/f/styles/wwe_1_1_540__composite/public/all/2021/07/DOLPH_02052021ej_00063_Profile--6a06df61d18ec0d0646204fb16af373c.png'),
(78, 'Rick', 'Boogs', 'https://www.wwe.com/f/styles/wwe_1_1_540__composite/public/all/2023/02/RickBoogs_02062023PM_00295_profile--83726cab48366ce09b537e6f25bbd925.png'),
(79, 'Riddick', 'Moss', 'https://www.wwe.com/f/styles/wwe_1_1_540__composite/public/all/2022/06/Madcap_Moss_Profile--caabfe7460a65fbb65e5184201c75bda.png'),
(80, 'Rey', 'Mysterio', 'https://www.wwe.com/f/styles/wwe_1_1_540__composite/public/all/2022/02/Rey_Mysterio_Profile--374bca8222ccd3775e811f3c5e70bded.png'),
(81, 'Kofi', 'Kingston', 'https://www.wwe.com/f/styles/wwe_1_1_540__composite/public/all/2021/02/KOFI_10192020jg_0068_Profile--f57d753bfd0b4ab98952d563c12df0bd.png'),
(82, 'Otis', '', 'https://www.wwe.com/f/styles/wwe_1_1_540__composite/public/all/2023/04/Otis_PROFILE--170b5e9c61397baa6b73480340fc79c3.png'),
(83, 'Bad', 'Bunny', 'https://www.wwe.com/f/styles/wwe_1_1_540__composite/public/all/2021/03/Superstar_Bad_Bunny--a9931fe5ce0e1e628f30b82fc6f94533.png'),
(84, 'Butch', '', 'https://www.wwe.com/f/styles/wwe_1_1_540__composite/public/all/2022/03/Butch_Profile--e1c48418198a889ac5287556be748245.png'),
(85, 'Tony', 'D\'Angelo', 'https://www.wwe.com/f/styles/wwe_1_1_540__composite/public/all/2016/08/Vacant--9b7bb01de657f8b369d196dc037a3416.png'),
(86, 'Gigi', 'Dolin', 'https://www.wwe.com/f/styles/wwe_1_1_540__composite/public/all/2022/07/Gigi_Dolan_Profile--96a681d8155dc6e223bf61b4b8982692.png'),
(87, 'Jacy', 'Jayne', 'https://www.wwe.com/f/styles/wwe_1_1_540__composite/public/all/2022/07/Jacy_Jayne_07202021ej_0254_Profile--089e457bd3dcf4da50c0a61c1b4ab36c.png'),
(88, 'Indi', 'Hartwell', 'https://www.wwe.com/f/styles/wwe_1_1_540__composite/public/all/2023/06/INDI_HARTWELL_04012023sb0113_profile--afa30887c9b8d2c3ba7529396a6f7a2c.png'),
(89, 'Persia', 'Pirotta', 'https://www.wwe.com/f/styles/wwe_1_1_540__composite/public/all/2022/01/Persia_10262021cg_009_Profile--e874147912528c35a7eca13887ab1e4b.png'),
(90, 'Cameron', 'Grimes', 'https://www.wwe.com/f/styles/wwe_1_1_540__composite/public/all/2022/01/Cameron_Grimes_Profile--94d9ba59e3d3ac824a3ab4b2794930ab.png'),
(91, 'Brutus', 'Creed', 'https://www.wwe.com/f/styles/wwe_1_1_540__composite/public/all/2022/11/Brutus_Creed_PROFILE--1225c44cf291493a8ebf3d852e28db47.png'),
(92, 'Julius', 'Creed', 'https://www.wwe.com/f/styles/wwe_1_1_540__composite/public/all/2022/11/Julius_Creed_PROFILE--1b96a89d6417eea604becd60b8ca9f41.png'),
(93, 'Nash', 'Carter', 'https://www.wwe.com/f/styles/wwe_1_1_540__composite/public/all/2016/08/Vacant--9b7bb01de657f8b369d196dc037a3416.png'),
(94, 'Santos', 'Escobar', 'https://www.wwe.com/f/styles/wwe_1_1_540__composite/public/all/2022/11/Santos_Escobar_PROFILE--a20bd6ea1d579d085ad60dda7d6a3dec.png'),
(95, 'Goldberg', '', 'https://www.wwe.com/f/styles/wwe_1_1_540__composite/public/rd-talent/Profile/Goldberg_pro.png'),
(96, 'Alexa', 'Bliss', 'https://www.wwe.com/f/styles/wwe_1_1_540__composite/public/all/2022/05/Alexa_Bliss_Profile--185973455ed41cf1d692a71e9d124eee.png'),
(97, 'Dakota ', 'Kai ', 'https://www.wwe.com/f/styles/wwe_1_1_540__composite/public/all/2022/08/Dakota_08082022MM_15097_profile--9b0c56a8a4e4ade67cc1c27ac5612904.png'),
(98, 'Wendy ', 'Choo', 'https://www.wwe.com/f/styles/wwe_1_1_540__composite/public/all/2022/01/Karen_Choo_01042022_2274_Profile--187b23f988fe766bd8cd73634c99fb38.png'),
(99, 'Fallon ', 'Henley ', 'https://www.wwe.com/f/styles/wwe_1_1_540__composite/public/all/2023/04/Fallon_Henley_PROFILE--4a0b60f28590ff75dcba841fad89a7cc.png'),
(100, 'Tiffany ', 'Stratton', 'https://www.wwe.com/f/styles/wwe_1_1_540__composite/public/all/2023/06/Tiffany_Stratton_PROFILE--5038512928af0b11dd3880bc2162e60f.png'),
(101, 'Grayson ', 'Waller ', 'https://www.wwe.com/f/styles/wwe_1_1_540__composite/public/all/2021/11/Grayson_Waller_Pro--5acfc6d5f56947cc774bf1bc97c96d92.png'),
(102, 'LA ', 'Knight', 'https://www.wwe.com/f/styles/wwe_1_1_540__composite/public/all/2022/11/LA_Knight_PROFILE--a171170c728eef7fe7f0f21629d0eb7f.png'),
(103, 'IYO', 'SKY', 'https://www.wwe.com/f/styles/wwe_1_1_540__composite/public/all/2023/08/IO_08052023ej_1672_Ntwk_Profile--beb8e30fef36c26273c49e3f3b1a7efd.png'),
(104, 'Alba ', 'Fyre ', 'https://www.wwe.com/f/styles/wwe_1_1_540__composite/public/all/2022/06/Alba_Fyre_Profile--474bca916efc7bce2dbf690016660220.png'),
(105, 'Katana', 'Chance', 'https://www.wwe.com/f/styles/wwe_1_1_540__composite/public/all/2023/02/Kacy_Catanzaro_Pro--1b3c0edbf502527429d52f62f2808952.png'),
(106, 'Kayden ', 'Carter', 'https://www.wwe.com/f/styles/wwe_1_1_540__composite/public/all/2023/02/Kayden_Carter_Pro--7a055244954f6cfaa84d0a98538b6b76.png'),
(107, 'Solo ', 'Sikoa ', 'https://www.wwe.com/f/styles/wwe_1_1_540__composite/public/all/2021/11/Solo_Sikoa_Pro--c4b462cd8220e3e720a376fcc3486bff.png'),
(108, 'Logan ', 'Paul ', 'https://www.wwe.com/f/styles/wwe_1_1_540__composite/public/all/2022/07/Logan_Paul_PROFILE--479a7c8503950ea02f1b6f2819b79f81.png'),
(109, 'Cody ', 'Rhodes ', 'https://www.wwe.com/f/styles/wwe_1_1_540__composite/public/all/2022/04/CODY_RHODES_Profile--c362b89cfb048a40f775cd6f5a237cde.png'),
(110, 'Steve ', 'Austin ', 'https://www.wwe.com/f/styles/wwe_1_1_540__composite/public/rd-talent/Profile/Stone_Cold_Steve_Austin_pro.png'),
(111, 'Nathan ', 'Frazer ', 'https://www.wwe.com/f/styles/wwe_1_1_540__composite/public/all/2021/10/NathanFrazer_Profile--24efa1b22feef77c17325086e111cbd3.png'),
(112, 'Nikkita', 'Lyons ', 'https://www.wwe.com/f/styles/wwe_1_1_540__composite/public/all/2022/03/Nikkita_Lyons_Profile--30b1ca0748a9252cec83120699afdaa1.png'),
(113, 'Lash', 'Legend', 'https://www.wwe.com/f/styles/wwe_1_1_540__composite/public/all/2021/12/Lash_Legend_Pro--b372cfa34ce6d45256fa8f12d230a52a.png'),
(114, 'Erik ', '', 'https://www.wwe.com/f/styles/wwe_1_1_540__composite/public/all/2022/07/Erik_PROFILE--c4dbc71f8dfa2f555bc7d6a2694694c3.png'),
(115, 'Ivar', '', 'https://www.wwe.com/f/styles/wwe_1_1_540__composite/public/all/2022/07/Ivar_PROFILE--92a85e7c285c935a5ac45f7ff8a3a677.png'),
(116, 'Joe ', 'Gacy ', 'https://www.wwe.com/f/styles/wwe_1_1_540__composite/public/all/2021/10/Joe_Gacy_Pro--d361802dc2c4b9fe6100d4d8ebc62d6c.png'),
(117, 'Stacks ', '', 'https://www.wwe.com/f/styles/wwe_1_1_540__composite/public/all/2022/07/Channing_LOrenzo_Profile--aa88e46747583949f65ece67b84ca0f5.png'),
(118, 'Joaquin ', 'Wilde', 'https://www.wwe.com/f/styles/wwe_1_1_540__composite/public/all/2022/11/Joaquin_Wilde_PROFILE--5774722603ceee6773046dfa9dd8c9cc.png'),
(119, 'Cruz ', 'Del Toro', 'https://www.wwe.com/f/styles/wwe_1_1_540__composite/public/all/2022/11/Crus_Del_Toro_PROFILE--1153c6dc4de7cfb57e997efd770adb6f.png'),
(120, 'Elton ', 'Prince', 'https://www.wwe.com/f/styles/wwe_1_1_540__composite/public/all/2022/06/Pretty_Deadly_04122022pm_2422_Profile--e7030a5d128d8517f185ada4d3e19f3e.png'),
(121, 'Kit ', 'Wilson', 'https://www.wwe.com/f/styles/wwe_1_1_540__composite/public/all/2022/06/Pretty_Deadly_04122022pm_2342_Profile--97c28b0967e3baf645483da2421e8f21.png'),
(122, 'Asuka ', '', 'https://www.wwe.com/f/styles/wwe_1_1_540__composite/public/all/2023/02/Asuka_PROFILE--020df70e71e4c3706e8b87d423893dd3.png'),
(123, 'MVP', '', 'https://www.wwe.com/f/styles/wwe_1_1_540__composite/public/all/2021/07/MVP_11302020ej_00600_Profile--27bd19a9c45f625d6551b2e6b9f30291.png'),
(124, 'Elias', '', 'https://www.wwe.com/f/styles/wwe_1_1_540__composite/public/all/2020/04/Elias_Pro--0f02289c52e53786eaeb68c40b3549fb.png'),
(125, 'Finn ', 'Bálor ', 'https://www.wwe.com/f/styles/wwe_1_1_540__composite/public/all/2022/11/FInn_Balor_PROFILE--ea6510cd60d74daf7bdf27b6ea93573d.png'),
(126, 'Mustafa ', 'Ali ', 'https://www.wwe.com/f/styles/wwe_1_1_540__composite/public/all/2022/11/Mustafa_Ali_PROFILE--c5d0cc5ad016bc682128a7b7e4033ea8.png'),
(127, 'Lacey', 'Evans', 'https://www.wwe.com/f/styles/wwe_1_1_540__composite/public/all/2023/02/LACEY_01282023sb0018_Profile--e6f31dfbd6715e41bb26a52dc5b76481.png'),
(128, 'Roxanne ', 'Perez ', 'https://www.wwe.com/f/styles/wwe_1_1_540__composite/public/all/2023/06/ROXANNE_PEREZ_04012023sb0169_profile--966f8699bbb407611ec70e706669d312.png'),
(129, 'Trick ', 'Williams', 'https://www.wwe.com/f/styles/wwe_1_1_540__composite/public/all/2023/04/Trick_Williams_PROFILE--46d10050ee918ffb54a75508c4084187.png'),
(130, 'Damon ', 'Kemp', 'https://www.wwe.com/f/styles/wwe_1_1_540__composite/public/all/2022/06/Damon_Kemp_Profile--60341c108ab99948c0fbaf086d9ca837.png'),
(131, 'Pat ', 'McAfee ', 'https://www.wwe.com/f/styles/wwe_1_1_540__composite/public/all/2021/07/PAT_04162021ej_00018_PatMcAfee_Profile--e71dee19114d2e3d5054ce7f338ebab5.png'),
(132, 'Zoey ', 'Stark ', 'https://www.wwe.com/f/styles/wwe_1_1_540__composite/public/all/2022/08/Zoey_Stark_PROFILE--e21a485ac636e7db6ccfe8e332886baf.png'),
(133, 'JD ', 'McDonagh ', 'https://www.wwe.com/f/styles/wwe_1_1_540__composite/public/all/2022/07/JDMcDonagh_07122022PM_2813_profile--00f8b80d6b3448b305174afa692868f1.png'),
(134, 'Bayley', '', 'https://www.wwe.com/f/styles/wwe_1_1_540__composite/public/all/2022/10/Bayley_PROFILE--273098f523f8aa4826af096150e1d15e.png'),
(135, 'Josh ', 'Briggs ', 'https://www.wwe.com/f/styles/wwe_1_1_540__composite/public/all/2021/10/JoshBriggs_Profile--93934898b2d4a420e9982d18ba807cbf.png'),
(136, 'Brooks ', 'Jensen ', 'https://www.wwe.com/f/styles/wwe_1_1_540__composite/public/all/2021/10/Brooks_Jensen_Profile--0995bfd13d0f22d365601867da4de120.png'),
(137, 'Mark ', 'Coffey ', 'https://www.wwe.com/f/styles/wwe_1_1_540__composite/public/all/2022/08/MCOFFEY_08162022ej_2411_profile--6beee8d0805f22d7e6f7db7c3c412a65.png'),
(138, 'Wolfgang', '', 'https://www.wwe.com/f/styles/wwe_1_1_540__composite/public/all/2021/09/Wolfgang_Profile--6aa47cba59e867a7dbe8feaa80f472b9.png'),
(139, 'Meiko ', 'Satomura ', 'https://www.wwe.com/f/styles/wwe_1_1_540__composite/public/all/2021/06/NXTUK_Studio_London_02072021AT_0851_Meiko_Profile--2b793031752d2f129bf595e6e2df6335.png'),
(140, 'Blair ', 'Davenport ', 'https://www.wwe.com/f/styles/wwe_1_1_540__composite/public/all/2021/10/Blair_Davenport_Profile--7d768e2a37ab5dea395e395c7bf7c563.png'),
(141, 'Tyler ', 'Bate ', 'https://www.wwe.com/f/styles/wwe_1_1_540__composite/public/all/2023/02/TylerBate_01242023AK_01684_Profile--b314d00065dd54dd41bb33b9cbd069e9.png'),
(142, 'Karrion ', 'Kross ', 'https://www.wwe.com/f/styles/wwe_1_1_540__composite/public/all/2022/08/Karrion_Kross_PROFILE--fe49ad44c9b95d5777e0e4cd6c1d835b.png'),
(143, 'Oro ', 'Mensah', 'https://www.wwe.com/f/styles/wwe_1_1_540__composite/public/all/2022/11/Oro_Menash_PROFILE--8fb8f15022bdffcc5051667a586a2fab.png'),
(144, 'Von ', 'Wagner ', 'https://www.wwe.com/f/styles/wwe_1_1_540__composite/public/all/2022/09/Von_Wagner_PROFILE--7f1059f7b88f051528ae20bcb0c4c564.png'),
(145, 'Apollo ', 'Crews', 'https://www.wwe.com/f/styles/wwe_1_1_540__composite/public/all/2022/07/ApolloCrews_07122022PM_4001_profile--b8d2a2b039636a09c9cdb87a3491c4ec.png'),
(146, 'Ilja ', 'Dragunov ', 'https://www.wwe.com/f/styles/wwe_1_1_540__composite/public/all/2022/08/Ilja_Dragunov_PROFILE--8a37740cddfedd3de5c75d91b1994d05.png'),
(148, 'Luke', 'Gallows ', 'https://www.wwe.com/f/styles/wwe_1_1_540__composite/public/all/2022/11/Luke_Gallows_PROFILE--dd0fd4629a7cade6370404148ec2fbae.png'),
(149, 'Karl ', 'Anderson', 'https://www.wwe.com/f/styles/wwe_1_1_540__composite/public/all/2022/11/Karl_Anderson_PROFILE--2fc07deccad7683373a11998fc018a18.png'),
(150, 'Braun ', 'Strowman ', 'https://www.wwe.com/f/styles/wwe_1_1_540__composite/public/all/2020/08/Braun_Strowman_Pro--4264c86af159cd9ab0a49e4eabeb4ed3.png'),
(151, 'Mia ', 'Yim', 'https://www.wwe.com/f/styles/wwe_1_1_540__composite/public/all/2022/12/Mia_11262022hm_034_profile--e46b49de25805ad20af7ab299efe4ab2.png'),
(152, 'Kiana ', 'James ', 'https://www.wwe.com/f/styles/wwe_1_1_540__composite/public/all/2023/04/Kianna_James_PROFILE--2d9b5211256605f1a79e3093deb77974.png'),
(153, 'Isla ', 'Dawn ', 'https://www.wwe.com/f/styles/wwe_1_1_540__composite/public/all/2022/11/Isla_Dawn_PROFILE--fce74e97e2e9a286d06b5682a696b815.png'),
(154, 'Axiom ', '', 'https://www.wwe.com/f/styles/wwe_1_1_540__composite/public/all/2022/10/Axiom_10112022pm_5701_profile--4944b3e7536ced15fba6c6d8a4e6f6b8.png'),
(155, 'Edris ', 'Enofé ', 'https://www.wwe.com/f/styles/wwe_1_1_540__composite/public/all/2022/02/Edris_Enofe_Profile--3fbba28a555df3e3cc426879cdddf0d6.png'),
(156, 'Malik ', 'Blade ', 'https://www.wwe.com/f/styles/wwe_1_1_540__composite/public/all/2022/01/Malik_Blade_Pro--4c4bf3d9d9be4bcf01ae0e0004ac51d3.png'),
(157, 'Brian ', 'Williams ', 'https://www.wwe.com/f/styles/wwe_1_1_540__composite/public/all/2016/08/Vacant--9b7bb01de657f8b369d196dc037a3416.png'),
(158, 'Jimmy ', 'Jackson', 'https://www.wwe.com/f/styles/wwe_1_1_540__composite/public/all/2016/08/Vacant--9b7bb01de657f8b369d196dc037a3416.png'),
(159, 'Charlie', 'Dempsey ', 'https://www.wwe.com/f/styles/wwe_1_1_540__composite/public/all/2022/12/Charlie_Dempsey_PROFILE--150cb715c08d7b17c4d52e9bb18c65b9.png'),
(160, 'Hank ', 'Walker', 'https://www.wwe.com/f/styles/wwe_1_1_540__composite/public/all/2022/10/Hank_Walker_PROFILE--34cfba576dc7af02cf60528a82ca72ec.png'),
(161, 'Jinder ', 'Mahal ', 'https://www.wwe.com/f/styles/wwe_1_1_540__composite/public/all/2023/02/JinderMahal_01242023AK_00703_Profile--4e1bbf542abd0dab0ac9d6b24392ecaf.png'),
(162, 'Elektra ', 'Lopez', 'https://www.wwe.com/f/styles/wwe_1_1_540__composite/public/all/2022/11/Elektra_Lopez_PROFILE--7d185b12387bbafd8eab136c5075bfb7.png'),
(163, 'Ivy ', 'Nile', 'https://www.wwe.com/f/styles/wwe_1_1_540__composite/public/all/2021/10/IvyNile_Profile--8b37d4bd753353d96c8f440b1b04ab24.png'),
(164, 'Tatum ', 'Paxley', 'https://www.wwe.com/f/styles/wwe_1_1_540__composite/public/all/2022/07/Tatum_Paxley_Profile--4de3b94e6a43b20344be1cfbc77bf993.png'),
(165, 'Thea', 'Hail', 'https://www.wwe.com/f/styles/wwe_1_1_540__composite/public/all/2022/06/Thea_Hail_Profile--7ef44ab5802abefdb9f7cae0b741aa33.png'),
(166, 'Lyra ', 'Valkyria', 'https://www.wwe.com/f/styles/wwe_1_1_540__composite/public/all/2022/12/LyraValkyria_12062022BR_02107_profile--5820d5eebcdfdc60ea48aafa9099a685.png'),
(167, 'Amari ', 'Miller', 'https://www.wwe.com/f/styles/wwe_1_1_540__composite/public/all/2021/09/Amari_Miller_06082021cg_014_Profile--e784acb025495f0875d0cf909d2c398d.png'),
(168, 'Sol ', 'Ruca', 'https://www.wwe.com/f/styles/wwe_1_1_540__composite/public/all/2023/04/Sol_Ruca_PROFILE_2--69201abacfdc6829d3f60756346a3cc2.png'),
(169, 'Valentina ', 'Feroz', 'https://www.wwe.com/f/styles/wwe_1_1_540__composite/public/all/2022/01/Valentina_Feroz_Profile--65edc0f974350b172e21f74033fe7399.png'),
(170, 'Jakara', 'Jackson', 'https://www.wwe.com/f/styles/wwe_1_1_540__composite/public/all/2023/06/Jakara_Jackson_PROFILE--1486b871d28c02953a4cb3398800b195.png'),
(171, 'Dani ', 'Palmer', 'https://www.wwe.com/f/styles/wwe_1_1_540__composite/public/all/2023/05/DANI_PALMER_PROFILE--d077b9a10107bb574cac674546506d4b.png'),
(172, 'Johnny ', 'Gargano', 'https://www.wwe.com/f/styles/wwe_1_1_540__composite/public/all/2022/09/Johnny_Gargano_PROFILE--0274603faa581257f5b8742dfbcccda0.png'),
(173, 'Xavier ', 'Woods', 'https://www.wwe.com/f/styles/wwe_1_1_540__composite/public/all/2018/03/Xavi_Pro--11bd21a3f24330f0667e2c0b476f3aaa.png'),
(174, 'Booker ', 'T', 'https://www.wwe.com/f/styles/wwe_1_1_540__composite/public/all/2019/12/Booker_T_Pro--f67b8c25d0e4df9e9bcbf02a379eaca2.png'),
(175, 'Bray ', 'Wyatt ', 'https://www.wwe.com/f/styles/wwe_1_1_540__composite/public/all/2019/10/SuperStar_Bray_Fiend--fdf9d5e3777cbff27bbe1ef6b0c1ece0.png'),
(176, 'Emma', '', 'https://www.wwe.com/f/styles/wwe_1_1_540__composite/public/all/2022/11/Emma_PROFILE--bcec17165dd092237cc5c9ac3d15fc1c.png'),
(177, 'B', '-Fab', 'https://www.wwe.com/f/styles/wwe_1_1_540__composite/public/all/2022/09/B_Fab_PROFILE--357a17020cf0b87a70c5d60723fa05c4.png'),
(178, 'Candice ', 'LeRae', 'https://www.wwe.com/f/styles/wwe_1_1_540__composite/public/all/2022/10/Candice_LaRae_PROFILE--def0e1f21f051d008260b704d49aa993.png'),
(179, 'Xia ', 'Li', 'https://www.wwe.com/f/styles/wwe_1_1_540__composite/public/all/2022/07/Xia_Li_PROFILE--95d560e0be0bb725b5865310fb4ad461.png'),
(180, 'Tegan ', 'Nox', 'https://www.wwe.com/f/styles/wwe_1_1_540__composite/public/all/2022/12/Tegan_12092022hm_00147_profile--2cd28215a66973890604f3fd77e59acc.png'),
(181, 'Chelsea', 'Green', 'https://www.wwe.com/f/styles/wwe_1_1_540__composite/public/all/2023/07/Sonya_Chelsea_07172023rf_0090_Profile--de77e48c9d44b13e7c661a445dceeb97.png'),
(182, 'Nia ', 'Jax', 'https://www.wwe.com/f/styles/wwe_1_1_540__composite/public/all/2023/02/NIA_01282023sb0025_profile--a8b754875a84a0cb94619068de87c639.png'),
(183, 'Dijak ', '', 'https://www.wwe.com/f/styles/wwe_1_1_540__composite/public/all/2022/12/Dijak_PROFILE--b3c6f440540a1334ce31184ca68c3fc4.png'),
(184, 'Andre ', 'Chase ', 'https://www.wwe.com/f/styles/wwe_1_1_540__composite/public/all/2021/11/Andre_Chase_Pro--ea5cefc51936d3f2ca9e4d384f50b6ef.png'),
(185, 'Duke ', 'Hudson', 'https://www.wwe.com/f/styles/wwe_1_1_540__composite/public/all/2022/11/Duke_Hudson_11082022pm_8484_profile--37c415c6bc10c66281aea06c5edb7ed0.png'),
(186, 'Bronson ', 'Reed ', 'https://www.wwe.com/f/styles/wwe_1_1_540__composite/public/all/2023/01/Bronson_Reed_PROFILE--0ff0270b2431f0938140d6dbaf76f203.png'),
(187, 'Veer ', '', 'https://www.wwe.com/f/styles/wwe_1_1_540__composite/public/all/2023/04/Veer_PROFILE--1ea6c57e591c872d16d87de1f50cce0d.png'),
(188, 'Sanga', NULL, 'https://www.wwe.com/f/styles/wwe_1_1_540__composite/public/all/2023/04/Sangha_PROFILE--19c0328e9fabd843db67b380c0eb8541.png'),
(190, 'Rip', 'Fowler', 'https://www.wwe.com/f/styles/wwe_1_1_540__composite/public/all/2022/09/Rip_Fowler_PROFILE--86ad111f886ae9e9253fde56c6f61083.png'),
(191, 'Jagger ', 'Reid ', 'https://www.wwe.com/f/styles/wwe_1_1_540__composite/public/all/2022/09/Jagger_Reid_PROFILE--f76a8505a930ba0d3fa88457a92234e4.png'),
(192, 'Ava', '', 'https://www.wwe.com/f/styles/wwe_1_1_540__composite/public/all/2022/11/Ava_Raine_PROFILE--6384228a5d486ac743b92f402313fd88.png'),
(193, 'John', 'Cena ', 'https://www.wwe.com/f/styles/wwe_1_1_540__composite/public/all/2023/04/John_Cena_PROFILE--7e93cef8e1149433838904bf719fa74e.png'),
(194, 'Trish', 'Stratus ', 'https://www.wwe.com/f/styles/wwe_1_1_540__composite/public/all/2023/05/Trish_Stratus_PROFILE--861c35b5400b94574024228d0c55c4bf.png'),
(195, 'Oba ', 'Femi', 'https://www.wwe.com/f/styles/wwe_1_1_540__composite/public/all/2023/04/Oba_Femi_PROFILE--a44a30326e50bff2a54c421a47c858c7.png'),
(196, 'Noam', 'Dar', 'https://www.wwe.com/f/styles/wwe_1_1_540__composite/public/all/2021/02/NXTUK_London_10052020at_06193_Noam_Dar_Profile--fc44bf3c67cb6b7439fd04d73748d804.png'),
(197, 'Gable ', 'Steveson', 'https://www.wwe.com/f/styles/wwe_1_1_540__composite/public/all/2023/08/GableStevenson_07112023AK_00540_Profile--56f340de463ec003af69d97aebfcaf56.png'),
(198, 'Dragon', 'Lee', 'https://www.wwe.com/f/styles/wwe_1_1_540__composite/public/all/2023/04/DragonLee_PROFILE--1f4a6234a174e11bd6c26fda0292e73f.png'),
(200, 'Troy', 'Donovan ', 'https://www.wwe.com/f/styles/wwe_1_1_540__composite/public/all/2016/08/Vacant--9b7bb01de657f8b369d196dc037a3416.png'),
(201, 'Yulisa', 'León', 'https://www.wwe.com/f/styles/wwe_1_1_540__composite/public/all/2022/01/Yulisa_Leon_Pro--828191dd3afd6661ba14c19427cfd15d.png');

-- --------------------------------------------------------

--
-- Structure de la table `utilisateur`
--

CREATE TABLE `utilisateur` (
  `id_utilisateur` int(11) NOT NULL,
  `pseudo` varchar(255) DEFAULT NULL,
  `password` text DEFAULT NULL,
  `role` varchar(255) DEFAULT NULL
) ENGINE=InnoDB DEFAULT CHARSET=utf8mb4 COLLATE=utf8mb4_general_ci;

--
-- Déchargement des données de la table `utilisateur`
--

INSERT INTO `utilisateur` (`id_utilisateur`, `pseudo`, `password`, `role`) VALUES
(1, 'bw', '$2y$10$UEjV1muAskmYq7.3nmra2eclDvCJy6PDd5xEe2yvDDR9ktjR20T9a', 'admin');

--
-- Index pour les tables déchargées
--

--
-- Index pour la table `a_gagne`
--
ALTER TABLE `a_gagne`
  ADD KEY `id_ppv` (`id_ppv`),
  ADD KEY `id_resultat_match` (`id_resultat_match`);

--
-- Index pour la table `a_participe`
--
ALTER TABLE `a_participe`
  ADD PRIMARY KEY (`id_ppv`,`id_roster`),
  ADD KEY `id_roster` (`id_roster`);

--
-- Index pour la table `a_pour`
--
ALTER TABLE `a_pour`
  ADD PRIMARY KEY (`id_ppv`,`id_match`),
  ADD KEY `id_match` (`id_match`);

--
-- Index pour la table `a_pour_resultat`
--
ALTER TABLE `a_pour_resultat`
  ADD PRIMARY KEY (`id_match`,`id_resultat_match`),
  ADD KEY `id_resultat_match` (`id_resultat_match`);

--
-- Index pour la table `champion`
--
ALTER TABLE `champion`
  ADD PRIMARY KEY (`id_champion`);

--
-- Index pour la table `est_champion`
--
ALTER TABLE `est_champion`
  ADD PRIMARY KEY (`id_roster`,`id_champion`),
  ADD KEY `id_champion` (`id_champion`);

--
-- Index pour la table `match`
--
ALTER TABLE `match`
  ADD PRIMARY KEY (`id_match`);

--
-- Index pour la table `ppv`
--
ALTER TABLE `ppv`
  ADD PRIMARY KEY (`id_ppv`);

--
-- Index pour la table `resultat_match_`
--
ALTER TABLE `resultat_match_`
  ADD PRIMARY KEY (`id_resultat_match`);

--
-- Index pour la table `roster_`
--
ALTER TABLE `roster_`
  ADD PRIMARY KEY (`id_roster`);

--
-- Index pour la table `utilisateur`
--
ALTER TABLE `utilisateur`
  ADD PRIMARY KEY (`id_utilisateur`);

--
-- AUTO_INCREMENT pour les tables déchargées
--

--
-- AUTO_INCREMENT pour la table `a_participe`
--
ALTER TABLE `a_participe`
  MODIFY `id_ppv` int(11) NOT NULL AUTO_INCREMENT, AUTO_INCREMENT=41;

--
-- AUTO_INCREMENT pour la table `a_pour`
--
ALTER TABLE `a_pour`
  MODIFY `id_ppv` int(11) NOT NULL AUTO_INCREMENT, AUTO_INCREMENT=41;

--
-- AUTO_INCREMENT pour la table `a_pour_resultat`
--
ALTER TABLE `a_pour_resultat`
  MODIFY `id_match` int(11) NOT NULL AUTO_INCREMENT, AUTO_INCREMENT=98;

--
-- AUTO_INCREMENT pour la table `champion`
--
ALTER TABLE `champion`
  MODIFY `id_champion` int(11) NOT NULL AUTO_INCREMENT, AUTO_INCREMENT=14;

--
-- AUTO_INCREMENT pour la table `match`
--
ALTER TABLE `match`
  MODIFY `id_match` int(11) NOT NULL AUTO_INCREMENT, AUTO_INCREMENT=98;

--
-- AUTO_INCREMENT pour la table `ppv`
--
ALTER TABLE `ppv`
  MODIFY `id_ppv` int(11) NOT NULL AUTO_INCREMENT, AUTO_INCREMENT=42;

--
-- AUTO_INCREMENT pour la table `resultat_match_`
--
ALTER TABLE `resultat_match_`
  MODIFY `id_resultat_match` int(11) NOT NULL AUTO_INCREMENT, AUTO_INCREMENT=248;

--
-- AUTO_INCREMENT pour la table `roster_`
--
ALTER TABLE `roster_`
  MODIFY `id_roster` int(11) NOT NULL AUTO_INCREMENT, AUTO_INCREMENT=202;

--
-- AUTO_INCREMENT pour la table `utilisateur`
--
ALTER TABLE `utilisateur`
  MODIFY `id_utilisateur` int(11) NOT NULL AUTO_INCREMENT, AUTO_INCREMENT=2;

--
-- Contraintes pour les tables déchargées
--

--
-- Contraintes pour la table `a_gagne`
--
ALTER TABLE `a_gagne`
  ADD CONSTRAINT `a_gagne_ibfk_1` FOREIGN KEY (`id_ppv`) REFERENCES `ppv` (`id_ppv`),
  ADD CONSTRAINT `a_gagne_ibfk_2` FOREIGN KEY (`id_resultat_match`) REFERENCES `resultat_match_` (`id_resultat_match`);

--
-- Contraintes pour la table `a_participe`
--
ALTER TABLE `a_participe`
  ADD CONSTRAINT `a_participe_ibfk_1` FOREIGN KEY (`id_ppv`) REFERENCES `ppv` (`id_ppv`),
  ADD CONSTRAINT `a_participe_ibfk_2` FOREIGN KEY (`id_roster`) REFERENCES `roster_` (`id_roster`);

--
-- Contraintes pour la table `a_pour`
--
ALTER TABLE `a_pour`
  ADD CONSTRAINT `a_pour_ibfk_1` FOREIGN KEY (`id_ppv`) REFERENCES `ppv` (`id_ppv`),
  ADD CONSTRAINT `a_pour_ibfk_2` FOREIGN KEY (`id_match`) REFERENCES `match` (`id_match`);

--
-- Contraintes pour la table `a_pour_resultat`
--
ALTER TABLE `a_pour_resultat`
  ADD CONSTRAINT `a_pour_resultat_ibfk_1` FOREIGN KEY (`id_match`) REFERENCES `match` (`id_match`),
  ADD CONSTRAINT `a_pour_resultat_ibfk_2` FOREIGN KEY (`id_resultat_match`) REFERENCES `resultat_match_` (`id_resultat_match`);

--
-- Contraintes pour la table `est_champion`
--
ALTER TABLE `est_champion`
  ADD CONSTRAINT `est_champion_ibfk_1` FOREIGN KEY (`id_roster`) REFERENCES `roster_` (`id_roster`),
  ADD CONSTRAINT `est_champion_ibfk_2` FOREIGN KEY (`id_champion`) REFERENCES `champion` (`id_champion`);
COMMIT;

/*!40101 SET CHARACTER_SET_CLIENT=@OLD_CHARACTER_SET_CLIENT */;
/*!40101 SET CHARACTER_SET_RESULTS=@OLD_CHARACTER_SET_RESULTS */;
/*!40101 SET COLLATION_CONNECTION=@OLD_COLLATION_CONNECTION */;
